B.S. Date,A.D. Date,Local Time,Latitude,Longitude,Magnitude,Epicenter
2081-12-21,2025-04-04,20:10,28.96,82.12,5.5,Jajarkot*
2081-12-21,2025-04-04,20:07,28.95,82.12,5.2,Jajarkot
2081-12-20,2025-04-03,17:04,30.02,80.84,4.0,Darchula
2081-12-12,2025-03-26,19:44,29.69,81.82,4.5,Humla
2081-12-12,2025-03-26,18:27,28.70,86.74,5.5,"Tingri, China"
2081-12-04,2025-03-18,06:33,29.19,81.44,4.3,Achham
2081-11-26,2025-03-10,04:11,28.28,84.13,4.3,Kaski
2081-11-24,2025-03-08,14:35,28.42,87.63,5.9,"Dinggye, China"
2081-11-24,2025-03-08,06:20,28.46,83.22,4.1,Baglung
2081-11-23,2025-03-07,03:14,28.53,83.33,4.0,Myagdi
2081-11-15,2025-02-27,02:51,27.98,85.88,6.1,Sindhupalchowk
2081-10-30,2025-02-12,15:38,29.35,82.18,4.1,Jumla
2081-10-22,2025-02-04,17:20,28.98,81.50,4.4,Dailekh
2081-09-23,2025-01-07,06:50,28.31,87.37,7.0,"Dinggye, China"
2081-09-19,2025-01-03,08:03,29.57,82.19,4.4,Mugu
2081-09-19,2025-01-03,08:29,28.54,84.13,4.1,Manang
2081-09-18,2025-01-02,13:02,27.77,85.57,4.8,Sindhupalchok
2081-09-16,2024-12-31,07:54,29.45,80.86,4.6,Baitadi
2081-09-11,2024-12-26,06:33,29.07,82.32,4.2,Jajarkot
2081-09-09,2024-12-24,21:25,30.04,80.85,4.0,Darchula
2081-09-05,2024-12-20,04:14,29.37,81.64,5.2,Bajura*
2081-09-04,2024-12-19,07:37,28.55,84.15,4.7,"Neshyang, Manang"
2081-09-03,2024-12-18,15:02,29.70,81.30,4.1,Bajhang
2081-09-02,2024-12-17,17:08,29.71,81.30,4.3,Bajhang
2081-08-06,2024-11-21,10:13,28.53,84.13,4.2,Around Annapurna II (Border of Kaski and Manang)
2081-07-22,2024-11-07,19:56,27.85,86.15,4.6,Dolakha
2081-07-10,2024-10-26,23:30,27.74,86.15,4.5,Dolakha
2081-06-06,2024-09-22,14:09,29.49,80.82,4.0,Baitadi
2081-06-02,2024-09-18,10:08,29.43,81.07,4.3,Bajhang
2081-05-13,2024-08-29,19:34,29.54,81.30,4.3,Bajhang
2081-03-15,2024-06-28,07:13,28.07,85.55,4.2,Sindhupalchok
2081-02-22,2024-06-04,10:34,28.86,81.55,4.1,Dailekh
2080-12-04,2024-03-17,09:44,28.05,85.26,4.0,Rasuwa
2080-11-28,2024-03-11,16:57,29.51,81.45,4.3,Bajura
2080-11-26,2024-03-09,07:30,28.44,84.08,4.0,Kaski
2080-11-07,2024-02-19,04:58,27.66,86.23,4.1,Dolakha
2080-11-04,2024-02-16,09:32,29.45,81.01,4.4,Bajhang
2080-09-27,2024-01-12,23:32,29.55,81.09,4.4,Bajhang
2080-09-19,2024-01-04,10:17,28.10,85.75,4.6,Sindhupalchowk
2080-09-15,2023-12-31,22:21,27.94,85.84,5.0,Sindhupalchowk
2080-08-13,2023-11-29,18:44,29.63,81.15,4.1,Bajhang*
2080-08-06,2023-11-22,01:19,27.67,81.18,4.5,Makawanpur
2080-08-04,2023-11-20,11:37,29.61,81.27,4.5,Bajhang
2080-08-03,2023-11-19,14:59,28.58,82.85,4.3,Rukum-East
2080-08-03,2023-11-19,16:47,28.60,82.87,4.2,Rukum-East
2080-07-28,2023-11-14,21:15,28.91,82.11,4.0,Jajarkot
2080-07-22,2023-11-08,03:06,28.94,82.13,4.2,Jajarkot
2080-07-21,2023-11-07,12:58,29:83,81:71,4.0,Bajura
2080-07-20,2023-11-06,16:40,28.93,82.16,4.5,Jajarkot
2080-07-20,2023-11-06,16:31,28.94,82.21,5.8,Jajarkot
2080-07-19,2023-11-05,14:24,28.91,82.20,4.1,Jajarkot
2080-07-18,2023-11-04,15:40,28.94,82.24,4.2,Jajarkot
2080-07-18,2023-11-04,01:22,28.88,82.20,4.0,Jajarkot
2080-07-17,2023-11-03,00:29,28.96,82.17,4.2,Jajarkot
2080-07-17,2023-11-03,00:08,28.95,82.19,4.5,Jajarkot
2080-07-17,2023-11-03,23:47,28.92,82.21,6.4,Jajarkot
2080-07-17,2023-11-03,00:35,28.88,82.20,4.3,Jajarkot
2080-07-17,2023-11-03,04:16,28.92,82.26,4.5,JaJarkot
2080-07-05,2023-10-22,16:03,28.03,84.83,4.4,Dhading
2080-07-05,2023-10-22,08:59,27.95,84.79,4.1,Dhading
2080-07-05,2023-10-22,17:31,27.96,84.79,5.0,Dhading*
2080-07-05,2023-10-22,16:03,28.03,84.83,4.4,Dhading
2080-07-05,2023-10-22,08:28,28.00,84.8,4.3,Dhading
2080-07-05,2023-10-22,17:33,27.95,84.79,5.1,Dhading
2080-07-05,2023-10-22,08:59,27.95,84.79,4.1,Dhading
2080-07-04,2023-10-21,18:55,29.60,81.28,4.4,Bajhang
2080-07-01,2023-10-18,22:03,29.62,81.19,4.6,Bajhang
2080-06-29,2023-10-16,09:26,30.06,80.58,4.8,"Watan, India"
2080-06-25,2023-10-12,01:51,29.49,81.25,5.0,Bajhang
2080-06-25,2023-10-12,00:31,28.48,83.21,4.4,Baglung
2080-06-24,2023-10-11,00:22,29.61,81.19,5.2,Bajhang
2080-06-20,2023-10-07,11:45,29.58,81.26,5.3,Bajhang
2080-06-20,2023-10-07,12:32,29.61,81.24,4.3,Bajhang
2080-06-19,2023-10-06,12:43,29.77,81.24,4.2,Bajhang
2080-06-18,2023-10-05,22:51,29.60,81.23,4.5,Bajhang
2080-06-18,2023-10-05,11:45,29.60,81.23,4.5,Bajhang
2080-06-16,2023-10-03,15:45,29.58,81.10,4.1,Bajhang
2080-06-16,2023-10-03,04:27,29.41,81.26,4.3,Bajhang
2080-06-16,2023-10-03,15:06,29.59,81.19,6.3,Bajhang
2080-06-16,2023-10-03,17:19,29.56,81.16,5.0,Bajhang
2080-06-16,2023-10-03,15:18,29.52,81.18,4.4,Bajhang*
2080-06-16,2023-10-03,16:28,29.59,81.28,4.1,Bajhang
2080-06-16,2023-10-03,17:38,29.65,81.27,5.0,Bajhang
2080-06-16,2023-10-03,17:19,29.56,81.16,5.0,Bajhang
2080-06-16,2023-10-03,15:45,29.58,81.10,4.1,Bajhang
2080-06-16,2023-10-03,05:43,29.63,81.20,4.3,Bajhang
2080-06-16,2023-10-03,00:16,29.62,81.27,4.1,Bajhang
2080-05-31,2023-09-17,00:48,26.97,87.54,4.1,Panchthar
2080-05-14,2023-08-31,01:11,27.37,87.06,4.0,Bhojpur
2080-04-03,2023-07-19,09:53,28.43,83.99,4.0,Kaski
2080-03-28,2023-07-13,11:17,27.95,81.78,4.6,Humla
2080-03-08,2023-06-23,05:55,28.15,84.54,4.0,Lamjung
2080-03-04,2023-06-19,04:55,29.78,80.92,4.0,Darchula
2080-02-29,2023-06-12,07:38,29.72,81.61,4.4,Bajura
2080-02-09,2023-05-23,04:06,29.66,81.61,4.5,Bajura
2080-02-08,2023-05-22,18:54,29.68,81.61,4.1,Bajura
2080-02-06,2023-05-20,02:59,28.62,82.84,4.1,Rukum East
2080-01-27,2023-05-10,05:15,29.73,81.62,4.3,Bajura
2080-01-21,2023-05-04,13:17,29.78,81.58,4.1,Bajura
2080-01-18,2023-05-01,14:35,29.89,81.93,4.0,Humla
2080-01-15,2023-04-28,09:25,29.74,81.63,4.1,Bajura*
2080-01-14,2023-04-27,01:30,29.78,81.61,5.9,Bajura
2080-01-14,2023-04-27,23:58,29.75,81.56,4.9,Bajura
2080-01-10,2023-04-23,13:30,29.38,81.34,4.1,Bajura
2079-12-28,2023-04-11,18:50,28.17,84.74,4.1,Gorkha
2079-12-18,2023-04-01,11:27,27.76,86.19,5.2,Dolakha
2079-12-17,2023-03-31,03:19,28.12,84.90,4.1,Gorkha
2079-12-14,2023-03-28,23:41,27.86,87.89,4.6,Taplejung
2079-12-12,2023-03-26,22:27,29.42,81.66,4.3,Bajura
2079-12-10,2023-03-24,09:51,29.64,81.89,4.5,Mugu
2079-11-29,2023-03-13,18:56,28.95,81.68,4.1,Dailekh
2079-11-21,2023-03-05,08:35,29.29,81.40,4.4,Bajura
2079-11-21,2023-03-05,08:03,27.57,85.59,4.3,Kavrepalanchok
2079-11-17,2023-03-01,17:42,27.82,88.02,4.0,Taplejung
2079-11-16,2023-02-28,10:03,27.08,87.96,4.3,Ilam
2079-11-10,2023-02-22,13:45,29.68,81.67,5.2,Bajura
2079-10-29,2023-02-12,04:30,27.83,87.95,4.8,Taplejung
2079-10-27,2023-02-10,08:52,28.80,82.53,4.2,Rukum West
2079-10-18,2023-02-01,11:44,29.71,81.62,4.0,Bajura
2079-10-17,2023-01-31,00:24,27.42,87.47,4.0,Taplejung
2079-10-11,2023-01-25,01:07,29.64,81.68,4.1,Bajura*
2079-10-10,2023-01-24,14:43,29.75,81.70,5.9,Bajura
2079-10-07,2023-01-21,04:38,27.80,85.81,4.2,Sindhupalchok
2079-09-12,2022-12-27,02:07,28.36,83.19,5.3,Baglung
2079-09-12,2022-12-27,03:28,28.45,83.09,4.0,Baglung
2079-09-12,2022-12-27,01:23,28.45,83.14,4.7,Baglung
2079-09-08,2022-12-23,07:15,29.10,83.30,4.6,Dolpa
2079-09-06,2022-12-21,01:00,30.00,80.74,4.1,Darchula
2079-09-03,2022-12-18,22:53,28.26,85.06,4.5,Dhading
2079-08-12,2022-11-28,10:45,26.93,87.26,4.0,Dhankuta
2079-07-29,2022-11-15,18:08,29.35,81.21,4.2,Achham
2079-07-26,2022-11-12,20:12,29.45,81.19,5.4,Bajhang
2079-07-23,2022-11-09,05:13,29.35,81.29,4.1,Bajura
2079-07-22,2022-11-08,02:12,29.38,81.13,6.6,Doti
2079-07-22,2022-11-08,21:56,29.38,81.11,4.1,Doti
2079-07-22,2022-11-08,21:07,29.38,81.11,5.7,Doti
2079-07-13,2022-10-30,09:26,29.60,81.04,4.6,Bajhang
2079-07-02,2022-10-19,15:07,28.15,86.06,5.9,Sindhupalchowk/Tibet
2079-07-02,2022-10-19,15:53,28.07,86.02,4.5,Sindhupalchowk/Tibet
2079-05-03,2022-08-19,01:28,28.24,81.77,4.8,Banke
2079-05-02,2022-08-18,22:43,27.97,85.54,4.2,Sindhupalchowk*
2079-04-20,2022-08-05,05:26,27.83,85.15,5.3,Nuwakot
2079-04-15,2022-07-31,08:13,27.16,86.83,6.0,Khotang
2079-04-09,2022-07-25,06:07,27.94,85.52,4.7,Sindhupalchowk
2079-04-01,2022-07-17,04:31,29.41,81.34,4.1,Bajura
2079-03-26,2022-07-10,19:49,29.82,80.76,4.2,Darchula
2079-03-18,2022-07-02,15:32,27.66,86.20,4.1,Dolakha
2079-03-09,2022-06-23,07:22,28.1,84.81,4.1,Gorkha
2079-03-08,2022-06-22,03:56,28.33,83.86,4.9,Kaski
2079-02-27,2022-06-10,02:36,27.70,85.41,4.7,Bhaktapur
2079-02-24,2022-06-07,12:50,29.61,80.51,4.0,Baitadi
2079-02-09,2022-05-23,15:09,27.3,87.73,4.3,Taplejung
2079-02-09,2022-05-23,15:00,27.31,87.94,4.1,Taplejung
2079-01-21,2022-05-04,09:57,29.35,82.04,4.1,Jumla
2079-01-06,2022-04-19,06:03,29.58,81.00,4.1,Bajhang
2078-12-09,2022-03-23,16:39,27.90,87.86,4.2,Taplejung
2078-11-10,2022-02-22,15:52,29.70,80.71,4.1,Darchula
2078-10-12,2022-01-26,16:54,27.9,84.57,4.1,Gorkha
2078-10-07,2022-01-21,06:43,27.98,85.58,4.1,Sindhupalchowk
2078-09-22,2022-01-06,00:14,28.68,82.97,4.2,Rukum East
2078-09-21,2022-01-05,16:16,27.67,86.32,4.2,Dolakha*
2078-07-23,2021-11-09,14:28,27.87,85.92,4.1,Sindhupalchok
2078-07-08,2021-10-25,20:30,28.29,84.36,4.1,Lamjung
2078-07-01,2021-10-18,15:20,27.85,85.81,4.1,Sindhupalchok
2078-07-01,2021-10-18,13:56,27.92,85.81,4.7,Sindhupalchowk
2078-07-01,2021-10-18,15:23,27.86,85.82,4.0,Sindhupalchok
2078-07-01,2021-10-18,13:46,27.92,85.8,4.7,Sindhupalchok
2078-06-30,2021-10-16,04:09,28.18,84.93,4.3,Gorkha
2078-06-16,2021-10-02,20:13,27.91,85.81,4.1,Sindhupalchok
2078-06-16,2021-10-02,19:58,27.92,85.81,4.6,Sindhupalchok
2078-06-15,2021-10-01,12:54,27.71,85.92,4.2,Sindhupalchok
2078-06-09,2021-09-25,12:12,27.91,85.80,4.5,Sindhupalchok
2078-06-04,2021-09-20,16:30,29.89,80.59,4.2,Darchula
2078-05-27,2021-09-12,20:41,27.64,86.1,4.3,Dolakha
2078-05-07,2021-08-23,02:23,29.61,81.01,4.0,Bajhang
2078-04-28,2021-08-12,09:54,26.98,86.69,4.3,Udayapur
2078-04-08,2021-07-23,18:57,27.28,86.9,4.2,Khotang
2078-04-03,2021-07-18,20:59,28.98,81.47,4.3,Dailekh
2078-03-23,2021-07-07,15:57,28.13,84.56,4.2,Lamjung
2078-03-18,2021-07-02,22:02,29.79,81.59,4.1,Bajura
2078-03-15,2021-06-29,14:20,27.30,87.26,4.0,Sankhuwasabha*
2078-02-05,2021-05-19,08:16,28.26,84.35,4.0,Lamjung
2078-02-05,2021-05-19,08:17,28.26,84.36,4.1,Lamjung
2078-02-05,2021-05-19,08:26,28.27,84.40,5.3,Lamjung
2078-02-05,2021-05-19,21:23,28.27,84.42,4.0,Lamjung
2078-02-05,2021-05-19,22:39,28.24,84.41,4.5,Lamjung
2078-02-04,2021-05-18,05:42,28.28,84.39,5.8,Lamjung
2077-12-23,2021-04-05,21:04,26.75,89.09,5.8,"Binnaguri, India"
2077-12-05,2021-03-18,10:05,27.5,85.63,4.1,Kavrepalanchok
2077-11-19,2021-03-03,18:43,27.79,86.35,4.2,Dolakha
2077-10-27,2021-02-09,07:35,27.89,87.91,5.4,Taplejung
2077-10-22,2021-02-04,03:58,27.78,88.15,4.5,Taplejung
2077-10-20,2021-02-02,21:59,28.78,84.10,5.3,Manang
2077-10-01,2021-01-14,17:25,27.66,86.18,4.0,Dolakha
2077-09-28,2021-01-12,09:48,29.89,80.70,4.2,Darchula
2077-09-19,2021-01-03,10:44,27.66,87.62,4.4,Taplejung
2077-09-14,2020-12-29,01:49,27.66,86.34,4.6,Ramechhap
2077-08-23,2020-12-08,19:08,27.77,87.86,4.2,Taplejung
2077-08-17,2020-12-02,13:42,27.75,85.87,4.2,Sindhupalchok
2077-07-23,2020-11-08,03:29,27.73,87.87,4.9,Taplejung
2077-07-12,2020-10-28,00:19,29.58,80.81,4.2,Bajhang*
2077-07-08,2020-10-24,16:17,27.62,86.24,4.0,Dolakha
2077-05-30,2020-09-15,05:19,27.77,85.88,6.0,Sindhupalchok
2077-05-26,2020-09-11,09:30,26.76,88.21,5.0,Jhapa/India
2077-05-24,2020-09-09,15:48,27.92,84.94,4.0,Dhading
2077-05-19,2020-09-04,07:20,27.58,87.19,4.0,Sankhuwasabha
2077-05-09,2020-08-25,21:09,29.59,80.89,4.7,Bajhang
2077-04-31,2020-08-15,16:07,27.8,87.62,4.2,Sankhuwasabha
2077-03-02,2020-06-16,09:53,27.88,86.20,4.1,Dolakha
2077-02-17,2020-05-30,21:36,27.85,84.93,4.8,Dhading
2077-02-13,2020-05-26,16:00,29.73,82.01,4.2,Humla
2077-01-30,2020-05-12,23:53,27.65,86.15,5.3,Dolakha
2077-01-03,2020-04-15,00:55,27.55,86.59,4.7,Solukhumbu
2076-12-20,2020-04-02,20:55,29.58,80.96,4.0,Bajhang
2076-12-12,2020-03-25,18:36,28.01,84.97,4.0,Dhading
2076-12-02,2020-03-15,20:45,28.34,83.80,5.0,Kaski
2076-11-21,2020-03-04,19:17,27.79,86.18,4.3,Dolakha
2076-11-07,2020-02-19,21:13,29.71,81.96,4.3,Bajura
2076-10-14,2020-01-28,07:59,29.61,81.71,4.2,Bajura
2076-09-27,2020-01-12,20:19,29.58,81.71,4.5,Bajura
2076-09-27,2020-01-12,20:19,29.58,81.71,4.5,Bajura*
2076-08-26,2019-12-12,19:11,27.95,85.59,4.8,Sindhupalchok
2076-08-11,2019-11-27,22:08,27.79,85.79,5.0,Sindhupalchok
2076-08-03,2019-11-19,19:15,29.42,81.10,5.7,Bajhang
2076-07-26,2019-11-12,07:45,30.20,80.10,4.6,India
2076-07-14,2019-10-31,03:51,28.45,83.23,4.5,Baglung
2076-07-11,2019-10-28,19:27,29.66,82.04,4.1,Mugu
2076-07-05,2019-10-22,11:06,26.88,86.59,4.1,Udayapur
2076-07-03,2019-10-20,01:09,27.82,87.98,4.2,Taplejung
2076-06-12,2019-09-29,07:27,28.66,83.06,4.4,Rukum East
2076-06-11,2019-09-28,10:43,30.0,81.45,4.3,Bajhang
2076-06-09,2019-09-26,18:49,28.28,84.65,4.7,Lamjung
2076-06-08,2019-09-25,01:18,27.71,86.32,4.0,Dolakha
2076-06-05,2019-09-22,22:01,28.25,84.49,4.4,Lamjung
2076-06-04,2019-09-21,06:19,28.15,84.61,4.0,Gorkha
2076-05-31,2019-09-17,09:53,28.21,84.49,4.5,Lamjung
2076-05-30,2019-09-16,20:18,29.80,80.48,4.4,Darchula-India Border
2076-05-29,2019-09-15,10:54,30.30,81.74,5.0,Humla
2076-05-05,2019-08-22,07:07,27.52,86.39,4.0,Solukhumbu
2076-04-29,2019-08-14,23:09,27.69,86.26,4.3,Dolakha
2076-04-24,2019-08-09,18:26,28.50,83.22,4.7,Baglung*
2076-04-08,2019-07-24,17:58,27.80,86.15,4.2,Dolakha
2076-03-21,2019-07-06,16:15,27.67,85.42,4.6,Bhaktapur
2076-03-12,2019-06-27,22:21,27.95,84.80,4.0,Dhading
2076-02-32,2019-06-15,21:32,28.95,81.98,4.5,Jajarkot
2076-02-31,2019-06-14,12:22,29.52,81.05,4.0,Bajhang
2076-02-16,2019-05-30,10:01,29.62,82.11,4.6,Mugu
2076-02-11,2019-05-25,21:08,29.50,81.28,4.3,Bajhang
2076-02-11,2019-05-25,11:02,27.70,86.47,4.9,Ramechhap
2076-02-07,2019-05-21,23:47,28.21,84.37,4.1,Lamjung
2076-02-03,2019-05-17,14:08,27.85,84.87,5.0,Dhading
2076-01-28,2019-05-11,00:36,28.98,81.78,5.1,Dailekh
2076-01-21,2019-05-04,08:37,27.94,85.72,4.0,Sindhupalchowk
2076-01-16,2019-04-29,11:35,27.93,85.94,4.0,Sindhupalchowk
2076-01-11,2019-04-24,06:40,27.70,85.14,4.3,Dhading
2076-01-11,2019-04-24,06:29,27.69,85.17,5.2,Dhading
2076-01-03,2019-04-16,12:35,28.00,84.76,4.5,Gorkha
2076-01-01,2019-04-14,04:27,29.49,81.24,4.8,Bajhang
2075-12-30,2019-04-13,10:25,28.03,85.38,4.6,Rasuwa
2075-12-26,2019-04-09,13:05,27.76,86.27,4.2,Dolakha
2075-12-18,2019-04-01,20:47,28.98,81.69,4.1,Dailekh*
2075-12-04,2019-03-18,09:01,27.63,85.16,4.1,Makawanpur
2075-11-14,2019-02-26,16:20,27.84,85.95,4.1,Sindhupalchok
2075-11-14,2019-02-26,16:15,27.66,86.00,4.4,Dolakha
2075-11-04,2019-02-16,20:34,27.68,85.27,4.0,Kathmandu
2075-11-02,2019-02-14,17:11,27.81,88.18,4.6,Taplejung
2075-10-08,2019-01-22,22:30,27.09,86.96,4.5,Bhojpur
2075-09-26,2019-01-10,11:34,27.60,86.31,4.5,Ramechhap
2075-09-07,2018-12-22,05:06,27.85,85.76,4.7,Sindhupalchok
2075-07-08,2018-10-25,07:07,27.72,86.02,4.0,Dolakha
2075-06-20,2018-10-06,10:52,28.94,81.72,4.3,Dailekh
2075-06-19,2018-10-05,21:45,28.93,81.70,4.0,Dailekh
2075-06-19,2018-10-05,12:53,28.94,81.74,4.0,Dailekh
2075-06-03,2018-09-19,01:42,28.57,82.88,4.0,Rukum East
2075-05-13,2018-08-29,23:35,27.79,87.41,4.2,Sankhuwasabha
2075-05-08,2018-08-24,18:16,27.50,88.04,4.5,Taplejung
2075-04-17,2018-08-02,14:32,27.66,86.10,4.2,Dolakha
2075-04-08,2018-07-24,08:30,27.75,84.87,4.8,Dhading
2075-04-08,2018-07-24,17:44,27.94,85.51,4.3,Sindhupalchok
2075-04-02,2018-07-18,11:15,29.02,81.51,4.2,Dailekh
2075-04-01,2018-07-17,22:52,27.82,84.81,4.4,Dhading*
2075-03-29,2018-07-13,08:58,29.57,81.56,4.1,Bajura
2075-03-21,2018-07-05,07:21,28.11,85.04,4.1,Dhading
2075-03-14,2018-06-28,09:52,27.87,84.91,5.0,Dhading
2075-03-06,2018-06-20,10:00,27.31,87.9,4.7,Taplejung
2075-03-06,2018-06-20,09:54,27.36,88.01,4.8,Taplejung
2075-02-22,2018-06-05,07:19,29.68,81.65,4.9,Bajura
2075-02-18,2018-06-01,21:07,27.68,86.11,4.3,Dolakha
2075-02-17,2018-05-31,02:17,28.17,84.89,4.1,gorkha
2075-02-17,2018-05-31,21:45,28.90,81.77,4.3,Dailekh
2075-02-10,2018-05-24,20:10,29.98,80.54,4.6,Dharchula
2075-01-22,2018-05-05,20:49,27.74,88.13,4.4,Taplejung
2074-11-18,2018-03-02,10:51,27.70,86.33,4.6,Dolakha
2074-11-14,2018-02-26,00:45,27.7,86.33,4.7,Dolakha
2074-11-09,2018-02-21,21:44,28.07,85.96,4.3,Tibet
2074-10-05,2018-01-19,08:38,27.72,86.01,4.3,Dolakha
2074-09-13,2017-12-28,13:30,29.82,80.76,4.5,Darchula
2074-09-03,2017-12-18,17:18,27.96,85.68,4.2,Sindhupalchowk
2074-08-22,2017-12-08,08:36,27.63,86.19,5.2,Dolakha
2074-07-20,2017-11-06,08:54,29.78,81.28,4.5,Bajhang
2074-07-09,2017-10-26,18:36,29.08,81.45,4.0,Achham*
2074-06-29,2017-10-15,17:02,28.50,83.32,4.2,Myagdi
2074-06-16,2017-10-02,07:07,28.83,82.55,4.1,Rukum
2074-06-05,2017-09-21,13:04,27.62,86.25,4.6,Dolakha
2074-05-08,2017-08-24,16:25,28.06,85.94,4.8,Sindhupalchok-Tibet border
2074-05-06,2017-08-22,18:35,29.41,81.10,4.9,Bajhang
2074-05-05,2017-08-21,17:48,27.66,86.27,4.6,Dolakha
2074-04-09,2017-07-24,10:29,27.56,85.96,4.0,Ramechhap
2074-03-31,2017-07-15,10:20,28.94,81.75,4.0,Dailekh
2074-03-18,2017-07-02,07:43,27.34,86.49,5.1,Okhaldhunga
2074-03-14,2017-06-28,00:09,27.66,86.41,4.2,Ramechhap
2074-02-31,2017-06-14,09:27,27.88,88.13,4.1,Taplejung
2074-02-29,2017-06-12,17:39,27.62,86.1,4.1,Dolakha
2074-02-16,2017-05-30,11:23,29.64,80.97,4.1,Bajhang
2074-01-11,2017-04-24,08:49,29.75,81.31,4.1,Bajhang
2074-01-11,2017-04-24,17:04,27.86,85.77,4.2,Sindhupalchowk
2073-11-27,2017-03-10,07:28,30.37,81.57,4.1,Humla
2073-11-16,2017-02-27,10:06,27.38,86.13,4.7,Ramechhap
2073-11-16,2017-02-27,09:22,27.36,86.12,4.6,Ramechhap
2073-11-07,2017-02-18,06:00,27.79,84.8,4.0,Dhading
2073-10-28,2017-02-10,16:58,29.88,80.61,4.1,Darchula*
2073-10-22,2017-02-04,17:58,27.73,86.08,4.4,Dolakha
2073-09-19,2017-01-03,12:26,29.71,81.57,4.0,Bajura
2073-08-13,2016-11-28,05:20,27.79,86.58,5.6,Solukhumbu
2073-07-21,2016-11-06,09:47,29.69,81.05,4.0,Bajhang
2073-07-01,2016-10-17,10:03,27.87,85.3,4.0,Nuwakot
2073-06-29,2016-10-15,18:22,28.04,85.17,4.1,Rasuwa
2073-06-26,2016-10-12,14:14,27.66,85.95,4.1,Dolakha
2073-06-25,2016-10-11,12:53,27.67,85.95,4.6,Dolakha
2073-06-21,2016-10-07,10:37,27.65,86.13,4.2,Dolakha
2073-06-02,2016-09-18,22:57,27.91,85.77,4.6,Sindhupalchowk
2073-05-20,2016-09-05,07:49,27.78,86.35,4.5,Dolakha
2073-05-20,2016-09-05,06:22,27.82,86.14,4.1,Dolakha
2073-05-11,2016-08-27,17:48,29.81,81.56,4.0,Bajhang
2073-04-08,2016-07-23,11:59,27.99,84.71,4.1,Gorkha
2073-03-24,2016-07-08,04:08,27.84,86.16,4.1,Dolakha
2073-03-23,2016-07-07,17:38,27.92,85.66,4.4,Sindhupalchowk
2073-03-23,2016-07-07,14:44,28.31,84.35,4.3,Lamjung
2073-03-18,2016-07-02,18:08,29.64,81.28,4.4,Bajhang
2073-03-15,2016-06-29,14:55,29.63,81.28,5.0,Bajhang
2073-03-15,2016-06-29,15:11,29.63,81.24,4.2,Bajhang*
2073-03-08,2016-06-22,18:45,27.76,86.34,4.1,Dolakha
2073-03-07,2016-06-21,11:34,27.93,85.21,4.4,Nuwakot
2073-02-32,2016-06-14,05:12,28.03,84.64,4.3,Gorkha
2073-02-21,2016-06-03,05:10,27.96,85.62,4.4,Sindhupalchowk
2073-02-15,2016-05-28,15:24,27.94,85.50,4.6,Sindhupalchok
2073-02-11,2016-05-24,00:54,27.73,85.16,4.2,Dhading
2073-02-02,2016-05-15,04:30,27.93,85.50,4.4,Sindhupalchowk
2073-02-01,2016-05-14,05:05,27.97,85.55,4.3,Sindhupalchowk
2073-01-31,2016-05-13,01:09,27.69,86.24,4.1,Dolakha
2073-01-29,2016-05-11,14:37,28.01,84.68,4.5,Gorkha
2073-01-29,2016-05-11,07:04,28.01,84.94,4.4,Dhading
2073-01-23,2016-05-05,10:31,28.24,84.99,4.1,Dhading
2073-01-22,2016-05-04,11:17,29.38,81.88,4.0,Kalikot
2073-01-18,2016-04-30,12:28,29.54,81.10,4.2,Bajhang
2073-01-14,2016-04-26,15:18,28.05,85.38,4.3,Rasuwa
2073-01-12,2016-04-24,02:16,28.08,85.13,4.2,Nuwakot
2073-01-10,2016-04-22,16:49,27.79,85.85,4.0,Sindhupalchowk
2073-01-10,2016-04-22,12:41,27.72,86.29,4.0,Dolakha
2072-12-30,2016-04-12,20:26,27.56,86.17,4.4,Dolakha
2072-12-27,2016-04-09,19:05,27.65,85.31,4.5,Lalitpur*
2072-12-22,2016-04-04,10:16,27.72,86.09,4.7,Dolakha
2072-12-22,2016-04-04,09:38,29.81,81.51,4.3,Bajhang
2072-12-18,2016-03-31,04:26,27.93,85.59,4.1,Sindhupalchowk
2072-12-17,2016-03-30,18:11,27.89,85.73,4.7,Sindhupalchowk
2072-12-11,2016-03-24,05:26,27.75,88.04,4.1,Taplejung
2072-12-04,2016-03-17,10:59,27.34,86.27,4.0,Okhaldhunga
2072-12-02,2016-03-15,03:12,27.84,85.73,4.5,Sindhupalchowk
2072-11-30,2016-03-13,11:00,27.83,84.9,4.8,Dhading
2072-11-28,2016-03-11,15:13,27.9,85.87,4.2,Sindhupalchowk
2072-11-24,2016-03-07,13:50,30.22,81.7,4.0,Humla
2072-11-23,2016-03-06,07:10,27.69,85.93,4.0,Sindhupalchowk
2072-11-18,2016-03-01,16:30,27.79,85.73,4.3,Sindhupalchowk
2072-11-12,2016-02-24,15:07,27.80,85.74,5.4,Sindhupalchok
2072-11-11,2016-02-23,08:45,27.47,87.15,4.5,Sankhuwasava
2072-11-09,2016-02-21,23:54,28.08,84.76,5.5,Gorkha
2072-11-08,2016-02-20,03:54,27.86,85.29,4.1,Nuwakot
2072-11-01,2016-02-13,20:22,27.81,85.72,4.3,Sindhupalchowk
2072-10-27,2016-02-10,22:12,27.84,85.71,4.6,Sindhupalchowk
2072-10-22,2016-02-05,22:05,27.95,85.52,5.5,Sindhupalchowk
2072-10-13,2016-01-27,14:27,27.83,85.83,4.4,Sindhupalchowk*
2072-10-13,2016-01-27,20:42,26.68,86.27,4.2,Siraha
2072-10-08,2016-01-22,01:07,28.06,85.09,4.6,Nuwakot
2072-10-01,2016-01-15,22:59,27.65,86.23,4.3,Dolakha
2072-10-01,2016-01-15,18:50,27.63,86.25,4.1,Dolakha
2072-09-25,2016-01-09,23:28,27.48,86.01,4.4,Ramechhap
2072-09-20,2016-01-04,18:47,27.75,86.12,4.1,Dolakha
2072-09-18,2016-01-02,03:15,28.01,85.80,4.2,Sindhupalchowk
2072-09-16,2015-12-31,07:41,27.86,85.72,4.3,Sindhupalchowk
2072-09-13,2015-12-28,03:52,27.70,86.12,4.2,Dolakha
2072-09-11,2015-12-26,10:33,29.35,81.29,4.1,Bajura
2072-09-08,2015-12-23,08:59,27.79,86.08,4.1,Dolakha
2072-09-03,2015-12-18,16:01,29.44,81.69,5.5,Bajura
2072-08-27,2015-12-13,08:45,28.04,85.02,4.1,Dhading
2072-08-21,2015-12-07,07:27,27.86,86.19,4.0,Dolakha
2072-08-14,2015-11-30,06:10,27.78,85.39,4.1,Kathmandu
2072-08-11,2015-11-27,15:23,27.63,85.53,4.1,kavrepalanchok
2072-08-11,2015-11-27,16:22,27.11,87.95,4.6,Panchthar
2072-08-09,2015-11-25,00:42,27.87,85.77,4.1,Sindhupalchowk
2072-08-08,2015-11-24,18:09,28.15,84.81,4.4,Gorkha
2072-08-08,2015-11-24,17:00,27.87,85.29,4.0,Nuwakot*
2072-08-06,2015-11-22,07:11,28.43,83.30,4.1,Myagdi
2072-08-04,2015-11-20,13:45,28.35,83.36,4.0,Baglung
2072-08-03,2015-11-19,17:44,27.77,85.88,4.0,Sindhupalchok
2072-08-03,2015-11-19,10:00,27.89,85.75,5.3,Sindupalchok
2072-08-01,2015-11-17,18:55,28.02,85.28,4.3,Rasuwa
2072-07-26,2015-11-12,15:45,27.99,85.65,4.2,Sindupalchok
2072-07-14,2015-10-31,09:28,28.03,85.23,4.3,Rasuwa
2072-06-30,2015-10-17,23:46,27.80,86.30,4.2,Dolakha
2072-06-29,2015-10-16,14:28,27.71,86.16,4.2,Dolakha
2072-06-21,2015-10-08,21:58,27.96,85.54,4.1,Sindupalchowk
2072-06-21,2015-10-08,13:00,27.57,85.31,4.0,Lalitpur
2072-06-20,2015-10-07,05:15,27.68,86.08,4.2,Dolakha
2072-06-19,2015-10-06,17:47,27.69,86.09,4.2,Dolakha
2072-06-18,2015-10-05,13:21,27.71,86.10,4.2,Dolakha
2072-06-18,2015-10-05,13:18,27.71,86.15,4.8,Dolakha
2072-06-12,2015-09-29,16:39,27.77,85.87,4.6,Sindhupalchowk
2072-06-12,2015-09-29,15:12,29.83,80.60,4.6,Darchula
2072-06-05,2015-09-22,12:17,27.74,85.07,4.5,Dhading
2072-06-03,2015-09-20,04:05,27.76,86.37,4.0,Dolakha
2072-05-30,2015-09-16,20:37,27.60,86.19,4.2,Dolakha*
2072-05-23,2015-09-09,18:23,27.82,86.24,4.0,Dolakha
2072-05-17,2015-09-03,05:10,27.75,86.01,4.3,Sindhupalchowk
2072-05-16,2015-09-02,04:51,27.64,86.19,4.4,Dolakha
2072-05-14,2015-08-31,23:33,27.92,85.69,4.2,Sindhupalchowk
2072-05-13,2015-08-30,08:26,27.66,86.23,4.1,Dolakha
2072-05-13,2015-08-30,19:02,27.72,85.75,5.0,Sindhupalchowk
2072-05-13,2015-08-30,03:09,27.92,84.94,4.3,Dhading
2072-05-10,2015-08-27,00:51,27.85,85.74,4.2,Sindhupalchowk
2072-05-10,2015-08-27,06:07,28.12,84.89,4.1,Gorkha
2072-05-09,2015-08-26,13:31,30.11,81.53,4.1,Humla
2072-05-08,2015-08-25,15:08,27.68,86.22,4.0,Dolakha
2072-05-06,2015-08-23,14:47,27.87,86.17,5.1,Dolakha
2072-05-04,2015-08-21,12:21,27.96,85.48,4.0,Nuwakot
2072-05-03,2015-08-20,11:47,28,85.29,4.6,Rasuwa
2072-05-01,2015-08-18,04:08,27.93,86.14,4.8,Dolakha
2072-04-30,2015-08-15,23:56,27.71,86.05,4.8,Dolakha
2072-04-30,2015-08-15,10:10,27.87,86.08,4.1,Dolakha
2072-04-29,2015-08-14,18:47,27.59,85.97,4.3,Dolakha
2072-04-28,2015-08-13,01:49,27.72,85.20,4.0,Dhading
2072-04-26,2015-08-11,10:42,27.70,85.29,4.3,Kathmandu*
2072-04-25,2015-08-10,04:15,28.14,84.72,4.9,Gorkha
2072-04-24,2015-08-09,07:55,27.94,85.52,4.1,Sindupalchok
2072-04-24,2015-08-09,12:21,30.1,81.85,4.0,Humla
2072-04-23,2015-08-08,21:25,27.69,86.26,4.1,Dolakha
2072-04-23,2015-08-08,06:24,27.77,85.7,4.0,Sindupalchok
2072-04-22,2015-08-07,11:57,27.50,85.50,4.4,Kavrepalanchok
2072-04-21,2015-08-06,20:36,27.86,85.76,4.1,Sindupalchok
2072-04-20,2015-08-05,17:38,27.63,86.07,4.1,Dolakha
2072-04-20,2015-08-05,13:59,27.64,86.07,4.3,Dolakha
2072-04-16,2015-08-01,07:22,27.81,85.71,4.2,Sindhupalchok
2072-04-14,2015-07-30,20:18,27.66,86.09,4.5,Dolakha
2072-04-12,2015-07-28,21:23,27.59,86.17,4.1,Dolakha
2072-04-12,2015-07-28,18:38,27.68,86.04,4.0,Dolakha
2072-04-12,2015-07-28,09:21,27.80,85.75,4.1,Sindhupalchok
2072-04-11,2015-07-27,18:23,27.94,85.48,4.2,Nuwakot
2072-04-10,2015-07-26,09:30,27.68,86.22,4.1,Dolakha
2072-04-10,2015-07-26,10:03,27.85,85.75,4.0,Sindhupalchok
2072-04-09,2015-07-25,20:04,27.66,86.00,4.5,Dolakha
2072-04-09,2015-07-25,00:05,27.61,86.28,4.3,Dolakha
2072-04-06,2015-07-22,22:14,27.70,85.32,4.6,Kathmandu*
2072-04-05,2015-07-21,08:09,27.86,86.39,4.3,Dolakha
2072-04-01,2015-07-17,05:09,28.18,84.74,4.0,Gorkha
2072-03-30,2015-07-15,08:14,29.80,80.73,4.1,Darchula
2072-03-28,2015-07-13,16:01,28.06,85.34,4.0,Rasuwa
2072-03-28,2015-07-13,17:39,27.63,86.09,4.2,Dolakha
2072-03-26,2015-07-11,02:28,27.8,86.23,4.4,Dolakha
2072-03-24,2015-07-09,17:59,27.89,85.73,4.4,Sindhupalchok
2072-03-23,2015-07-08,09:55,27.92,85.68,4.2,Sindhupalchok
2072-03-23,2015-07-08,10:19,27.60,86.23,4.1,Dolakha
2072-03-22,2015-07-07,09:06,28.48,83.13,4.2,Baglung
2072-03-22,2015-07-07,15:16,29.69,81.74,4.6,Humla
2072-03-21,2015-07-06,21:14,27.96,85.75,4.4,Sindhupalchok
2072-03-21,2015-07-06,10:48,27.69,86.20,4.3,Dolakha
2072-03-20,2015-07-05,01:27,27.86,85.87,4.4,Sindhupalchok
2072-03-20,2015-07-05,10:07,27.67,86.20,4.2,Dolakha
2072-03-19,2015-07-04,01:49,27.73,85.00,4.6,Dhading
2072-03-17,2015-07-02,07:41,27.97,85.62,5.0,Sindhupalchowk
2072-03-17,2015-07-02,05:26,27.67,85.54,4.1,Kavrepalanchok
2072-03-16,2015-07-01,15:24,28.06,85.14,4.0,Nuwakot
2072-03-16,2015-07-01,09:12,27.71,86.12,4.0,Dolakha*
2072-03-16,2015-07-01,03:33,27.80,85.74,4.0,Sindhupalchowk
2072-03-15,2015-06-30,03:31,27.55,85.79,4.4,Kavrepalanchok
2072-03-14,2015-06-29,23:34,27.93,85.64,4.0,Sindhupalchowk
2072-03-14,2015-06-29,23:27,27.92,85.68,4.1,Sindhupalchowk
2072-03-14,2015-06-29,05:42,27.35,86.20,5.0,Ramechhap
2072-03-13,2015-06-28,22:01,27.92,85.66,4.3,Sindhupalchok
2072-03-11,2015-06-26,18:02,27.74,86.28,4.2,Dolakha
2072-03-11,2015-06-26,14:45,27.58,85.39,4.1,Lalitpur
2072-03-10,2015-06-25,23:51,27.94,85.49,4.2,Sindhupalchok
2072-03-10,2015-06-25,23:49,27.66,86.21,4.1,Dolakha
2072-03-10,2015-06-25,21:07,27.78,85.17,4.3,Nuwakot
2072-03-09,2015-06-24,14:59,27.85,85.75,4.0,Sindhupalchowk
2072-03-07,2015-06-22,13:19,27.67,86.17,4.0,Dolakha
2072-03-06,2015-06-21,19:26,27.80,86.00,4.3,Sindupalchok
2072-03-05,2015-06-20,02:40,28.17,84.94,4.2,Gorkha
2072-03-05,2015-06-20,18:08,28.65,82.76,5.4,Rukum
2072-03-04,2015-06-19,01:50,28.26,84.92,4.0,Gorkha
2072-03-03,2015-06-18,08:24,28.14,85.11,4.1,Dhading
2072-03-02,2015-06-17,08:00,28.27,85.94,5.1,Tibet
2072-03-02,2015-06-17,05:58,27.68,85.28,4.4,Kathmandu*
2072-03-02,2015-06-17,06:14,27.91,85.59,5.2,Sindhupalchok
2072-03-02,2015-06-17,06:26,27.9,85.58,4.0,Sindhupalchok
2072-03-01,2015-06-16,21:56,27.7,86.16,4.1,Dolakha
2072-02-32,2015-06-15,15:52,27.87,85.72,4.1,Sindhupalchowk
2072-02-31,2015-06-14,15:01,27.74,86.26,4.1,Dolakha
2072-02-31,2015-06-14,05:59,27.8,85.15,4.2,Nuwakot
2072-02-30,2015-06-13,07:03,27.73,86.16,5.2,Dolakha
2072-02-29,2015-06-12,10:19,27.67,86.09,4.4,Dolakha
2072-02-29,2015-06-12,01:22,28.21,84.81,4.6,Gorkha
2072-02-28,2015-06-11,00:26,27.67,86.07,4.0,Dolakha
2072-02-28,2015-06-11,10:02,27.8,85.78,4.6,Sindhupalchowk
2072-02-28,2015-06-11,21:57,27.96,85.73,5.3,Sindhupalchowk
2072-02-27,2015-06-10,13:36,27.8,85.61,4.3,Sindhupalchowk
2072-02-27,2015-06-10,02:50,27.87,85.81,4.1,Sindhupalchowk
2072-02-27,2015-06-10,14:51,27.62,86.1,4.2,Dolakha
2072-02-24,2015-06-07,11:02,27.9,85.64,4.6,Sindhupalchowk
2072-02-24,2015-06-07,22:35,27.87,86.13,4.1,Dolakha
2072-02-23,2015-06-06,22:45,27.58,86.18,4.0,Dolakha
2072-02-23,2015-06-06,02:33,28.26,85.86,4.2,Tibet
2072-02-22,2015-06-05,14:16,27.7,85.22,4.0,Kathmandu*
2072-02-22,2015-06-05,10:02,27.79,85.78,4.1,Sindhupalchowk
2072-02-21,2015-06-04,16:15,27.76,86.2,4.0,Dolakha
2072-02-20,2015-06-03,17:38,27.7,86.26,4.5,Dolakha
2072-02-20,2015-06-03,14:39,27.76,86.07,4.2,Dolakha
2072-02-20,2015-06-03,13:37,27.79,85.87,4.5,Sindhupalchowk
2072-02-20,2015-06-03,02:45,27.84,85.78,4.1,Sindhupalchowk
2072-02-19,2015-06-02,10:48,27.78,86.2,4.0,Dolakha
2072-02-19,2015-06-02,14:18,30,81.75,4.7,Humla
2072-02-18,2015-06-01,04:35,27.98,85.51,4.0,Sindhupalchowk
2072-02-17,2015-05-31,07:39,28.29,84.46,4.2,Lamjung
2072-02-16,2015-05-30,15:58,27.79,85.17,4.5,Nuwakot
2072-02-16,2015-05-30,02:20,28.01,85.19,4.0,Rasuwa
2072-02-16,2015-05-30,07:37,27.75,85.21,4.0,Dhading
2072-02-15,2015-05-29,18:22,27.82,86.34,4.2,Dolakha
2072-02-15,2015-05-29,11:05,28.07,84.94,4.2,Dhading
2072-02-15,2015-05-29,14:15,28.17,84.72,4.0,Gorkha
2072-02-15,2015-05-29,18:15,28.01,84.84,4.8,Dhading
2072-02-15,2015-05-29,09:29,28,84.98,5.2,Dhading
2072-02-14,2015-05-28,08:52,27.99,84.79,4.0,Dhading
2072-02-14,2015-05-28,09:25,27.95,84.8,4.0,Dhading*
2072-02-14,2015-05-28,10:57,27.64,85.31,4.0,Lalitpur
2072-02-14,2015-05-28,11:14,27.77,86.25,4.2,Dolakha
2072-02-14,2015-05-28,17:21,27.59,86.19,4.2,Dolakha
2072-02-14,2015-05-28,17:59,27.59,86.16,4.1,Dolakha
2072-02-14,2015-05-28,16:01,27.94,85.54,4.0,Sindhupalchowk
2072-02-13,2015-05-27,17:48,27.59,86.2,4.2,Dolakha
2072-02-13,2015-05-27,07:00,27.91,85.53,4.5,Sindhupalchowk
2072-02-13,2015-05-27,07:01,27.89,85.53,4.6,Sindhupalchowk
2072-02-13,2015-05-27,16:14,28.04,85.13,4.2,Nuwakot
2072-02-12,2015-05-26,07:56,27.84,86.24,4.3,Dolakha
2072-02-12,2015-05-26,11:33,27.63,86.3,4.1,Dolakha
2072-02-12,2015-05-26,12:24,27.71,86.05,4.1,Dolakha
2072-02-12,2015-05-26,13:45,27.54,85.43,4.3,Lalitpur
2072-02-12,2015-05-26,16:37,28.02,85.26,5.0,Rasuwa
2072-02-11,2015-05-25,04:01,27.74,86.19,4.0,Dolakha
2072-02-11,2015-05-25,16:45,27.71,86.07,4.1,Dolakha
2072-02-11,2015-05-25,09:08,28.01,84.68,5.0,Gorkha
2072-02-10,2015-05-24,12:51,27.67,86.18,4.2,Dolakha
2072-02-10,2015-05-24,16:23,27.76,86.28,4.4,Dolakha
2072-02-10,2015-05-24,17:31,27.84,86.00,4.2,Sindhupalchowk*
2072-02-10,2015-05-24,18:40,27.8,86.29,4.4,Dolakha
2072-02-10,2015-05-24,17:00,27.76,86.26,4.3,Dolakha
2072-02-09,2015-05-23,16:11,27.9,85.51,4.4,Sindhupalchok
2072-02-09,2015-05-23,06:59,27.74,86.2,4.2,Dolakha
2072-02-08,2015-05-22,08:30,27.79,85.14,4.2,Nuwakot
2072-02-08,2015-05-22,10:29,28.05,85.08,4.8,Nuwakot
2072-02-08,2015-05-22,11:15,27.63,86.25,4.1,Dolakha
2072-02-08,2015-05-22,12:34,27.78,85.93,4.0,Sindhupalchowk
2072-02-08,2015-05-22,14:29,27.69,86.16,4.2,Dolakha
2072-02-08,2015-05-22,12:52,30.31,81.47,4.8,Humla
2072-02-07,2015-05-21,13:15,28.02,84.98,4.0,Dhading
2072-02-07,2015-05-21,20:41,27.93,85.46,4.0,Nuwakot
2072-02-07,2015-05-21,07:56,27.85,86.32,4.2,Dolakha
2072-02-06,2015-05-20,16:55,27.84,86.33,4.2,Dolakha
2072-02-06,2015-05-20,08:32,27.52,85.26,4.4,Lalitput
2072-02-05,2015-05-19,10:29,27.92,86.04,4.2,Sindhupalchowk/Tibet
2072-02-05,2015-05-19,17:14,27.9,85.99,4.0,Sindhupalchowk
2072-02-05,2015-05-19,10:19,27.66,86.03,4.3,Dolakha
2072-02-04,2015-05-18,17:09,27.69,86.26,4.0,Dolakha
2072-02-04,2015-05-18,14:56,27.71,86.07,4.2,Dolakha*
2072-02-03,2015-05-17,10:45,27.73,86.06,4.4,Dolakha
2072-02-03,2015-05-17,17:15,27.48,85.87,4.6,Ramechhap
2072-02-03,2015-05-17,14:25,27.84,86.24,4.4,Dolakha
2072-02-02,2015-05-16,08:00,28.07,84.7,4.0,Gorkha
2072-02-02,2015-05-16,11:56,27.97,85.48,4.0,Nuwakot
2072-02-02,2015-05-16,12:16,28.13,84.89,4.0,Gorkha
2072-02-02,2015-05-16,15:09,27.70,85.85,4.2,Sindhupalchowk
2072-02-02,2015-05-16,15:20,27.45,85.31,4.2,Lalitpur
2072-02-02,2015-05-16,14:29,27.64,86.14,4.3,Dolakha
2072-02-02,2015-05-16,10:13,28.07,84.70,4.1,Dolakha
2072-02-02,2015-05-16,10:23,27.66,86.09,4.1,Dolakha
2072-02-02,2015-05-16,11:04,27.60,86.26,5.5,Dolakha
2072-02-01,2015-05-15,09:23,27.63,86.25,4.1,Dolakha
2072-02-01,2015-05-15,09:51,27.69,86.08,4.3,Dolakha
2072-02-01,2015-05-15,13:12,27.93,84.84,5.5,Dhading
2072-02-01,2015-05-15,16:36,27.92,84.84,4.0,Dhading
2072-02-01,2015-05-15,08:54,27.61,86.2,4.5,Dolakha
2072-02-01,2015-05-15,16:43,27.74,86.17,4.0,Dolakha
2072-01-31,2015-05-14,18:01,27.92,86.31,4.3,Dolakha
2072-01-31,2015-05-14,08:58,27.66,86.07,4.1,Dolakha*
2072-01-31,2015-05-14,09:08,27.67,86.08,5.0,Dolakha
2072-01-31,2015-05-14,14:37,27.8,85.82,4.0,Sindupalchok
2072-01-31,2015-05-14,14:51,27.83,86.15,4.5,Dolakha
2072-01-31,2015-05-14,09:05,27.62,86.09,4.2,Dolakha
2072-01-31,2015-05-14,13:28,27.75,86.14,4.0,Dolakha
2072-01-31,2015-05-14,14:06,28.06,85.35,4.5,Rasuwa
2072-01-31,2015-05-14,14:35,27.71,86.04,4.0,Dolakha
2072-01-31,2015-05-14,15:25,27.84,85.84,4.0,Sindhupalchowk
2072-01-30,2015-05-13,16:18,27.79,86.19,4.6,Dolakha
2072-01-30,2015-05-13,14:13,27.75,86.25,4.4,Dolakha
2072-01-30,2015-05-13,13:53,27.65,86.18,4.4,Dolakha
2072-01-30,2015-05-13,09:27,27.85,85.92,4.2,Sindhupalchok
2072-01-30,2015-05-13,10:23,27.82,86.47,4.3,Dolakha
2072-01-30,2015-05-13,08:55,27.91,84.82,5.9,Dhading
2072-01-30,2015-05-13,07:52,27.68,85.3,4.2,Kathmandu
2072-01-30,2015-05-13,17:56,27.69,86.11,4.7,Dolakha
2072-01-30,2015-05-13,18:07,27.79,86.07,4.8,Dolakha
2072-01-30,2015-05-13,18:19,27.84,86.25,4.6,Dolakha
2072-01-30,2015-05-13,15:21,27.7,86.15,4.1,Dolakha
2072-01-30,2015-05-13,15:06,27.64,85.7,4.0,Kavrepalanchok*
2072-01-30,2015-05-13,10:29,27.63,86.17,4.5,Dolakha
2072-01-30,2015-05-13,09:22,27.85,86.29,4.0,Dolakha
2072-01-30,2015-05-13,08:15,27.6,86.16,4.3,Dolakha
2072-01-30,2015-05-13,18:23,27.68,86.17,5.1,Dolakha
2072-01-29,2015-05-12,07:36,27.8,85.94,5.1,Sindhupalchok
2072-01-29,2015-05-12,19:51,27.66,86.17,5.2,Dolakha
2072-01-29,2015-05-12,19:54,27.79,86.11,5.0,Dolakha
2072-01-29,2015-05-12,20:04,27.88,85.94,4.8,Sindhupalchok
2072-01-29,2015-05-12,20:05,27.68,86.23,4.7,Dolakha
2072-01-29,2015-05-12,20:09,27.69,86.21,4.7,Dolakha
2072-01-29,2015-05-12,20:32,27.80,86.12,4.7,Dolakha
2072-01-29,2015-05-12,07:31,27.68,86.04,4.3,Dolakha
2072-01-29,2015-05-12,07:18,27.63,86.17,4.8,Dolakha
2072-01-29,2015-05-12,07:13,27.69,86.24,5.0,Dolakha
2072-01-29,2015-05-12,06:47,27.84,86.17,5.8,Dolakha
2072-01-29,2015-05-12,08:29,27.76,86.31,5.3,Dolakha
2072-01-29,2015-05-12,07:43,27.8,85.83,5.3,Sindhupalchok
2072-01-29,2015-05-12,13:21,27.73,86.21,6.2,Dolakha
2072-01-29,2015-05-12,12:50,27.82,86.12,6.9,Dolakha
2072-01-29,2015-05-12,07:53,28.16,84.9,4.1,Gorkha*
2072-01-29,2015-05-12,17:52,28.10,84.91,4.0,Dhading
2072-01-29,2015-05-12,08:29,27.76,86.31,5.3,Dolakha
2072-01-29,2015-05-12,09:14,27.8,85.95,4.2,Sindhupalchok
2072-01-29,2015-05-12,16:58,27.58,86.41,4.3,Solukhumbu
2072-01-29,2015-05-12,16:02,27.68,86.04,4.2,Dolakha
2072-01-29,2015-05-12,12:32,27.89,85.88,4.4,Sindhupalchok
2072-01-29,2015-05-12,14:58,27.97,86.45,4.1,Tibet
2072-01-29,2015-05-12,14:29,28.03,86.36,4.1,Tibet
2072-01-29,2015-05-12,23:27,27.84,86.23,4.4,Dolakha
2072-01-29,2015-05-12,13:13,27.78,85.85,4.3,Sindhupalchok
2072-01-29,2015-05-12,12:38,27.72,85.97,4.0,Dolakha
2072-01-29,2015-05-12,11:58,27.7,86.04,4.7,Dolakha
2072-01-29,2015-05-12,11:28,27.71,86.00,4.3,Dolakha
2072-01-29,2015-05-12,10:51,27.72,86.2,4.6,Dolakha
2072-01-29,2015-05-12,10:36,27.62,86.16,4.7,Dolakha
2072-01-29,2015-05-12,10:11,27.76,86.24,4.4,Dolakha
2072-01-29,2015-05-12,10:05,27.73,86.11,5.0,Dolakha
2072-01-29,2015-05-12,10:01,27.69,86.05,4.2,Dolakha
2072-01-29,2015-05-12,09:45,27.57,86.29,4.8,Ramechhap
2072-01-29,2015-05-12,09:34,27.68,86.03,4.4,Dolakha*
2072-01-28,2015-05-11,14:20,27.99,85.86,4.2,Sindhupalchowk
2072-01-28,2015-05-11,17:39,27.91,85.75,4.0,Sindhupalchowk
2072-01-27,2015-05-10,09:08,27.65,85.56,4.2,Kavrepalanchok
2072-01-27,2015-05-10,16:53,28.02,85.25,4.0,Rasuwa
2072-01-27,2015-05-10,08:29,26.94,86.67,4.0,Udayapur
2072-01-27,2015-05-10,12:19,27.88,86,4.4,Sindhupalchowk
2072-01-27,2015-05-10,07:35,28.04,85.96,4.2,Tibet
2072-01-26,2015-05-09,08:53,28.04,85.20,4.1,Rasuwa
2072-01-25,2015-05-08,08:04,27.94,85.58,4.0,Sindhupalchowk
2072-01-25,2015-05-08,12:02,27.69,86.04,5.0,Dolakha
2072-01-25,2015-05-08,14:04,27.75,85.91,4.2,Sindhupalchowk
2072-01-25,2015-05-08,07:17,27.77,85.88,4.8,Sindhupalchowk
2072-01-25,2015-05-08,08:50,28.01,85.41,4.2,Nuwakot
2072-01-24,2015-05-07,16:00,27.92,85.46,4.0,Nuwakot
2072-01-24,2015-05-07,13:41,27.79,85.16,4.0,Nuwakot
2072-01-24,2015-05-07,09:26,27.75,85.19,4.2,Dhading
2072-01-23,2015-05-06,16:04,28.04,85.26,4.0,Rasuwa
2072-01-23,2015-05-06,11:47,28.01,84.68,4.2,Gorkha
2072-01-22,2015-05-05,12:24,28.06,85.05,4.0,Dhading
2072-01-22,2015-05-05,10:08,27.74,86.03,4.3,Sindhupalchok*
2072-01-22,2015-05-05,10:45,27.96,86.00,4.2,Tibet
2072-01-21,2015-05-04,10:44,27.75,85.87,4.2,Sindhupalchowk
2072-01-21,2015-05-04,12:45,27.69,85.99,4.3,Dolakha
2072-01-21,2015-05-04,15:39,27.97,85.21,4.2,Nuwakot
2072-01-21,2015-05-04,16:18,27.79,85.16,4.0,Nuwakot
2072-01-21,2015-05-04,16:21,27.80,85.16,4.1,Nuwakot
2072-01-21,2015-05-04,08:19,27.79,86.23,4.7,Dolakha
2072-01-21,2015-05-04,09:25,27.95,85.86,4.4,Sindhupalchowk
2072-01-21,2015-05-04,07:02,28.12,84.8,4.0,Gorkha
2072-01-21,2015-05-04,11:47,27.74,86,4.2,Dolakha
2072-01-20,2015-05-03,09:14,27.69,85.93,4.5,Sindhupalchowk
2072-01-20,2015-05-03,04:24,28.05,84.94,4.0,Dhading
2072-01-20,2015-05-03,11:32,28.08,85.04,4.0,Dhading
2072-01-20,2015-05-03,13:45,27.98,84.87,4.1,Dhading
2072-01-20,2015-05-03,16:31,27.94,84.83,4.5,Dhading
2072-01-20,2015-05-03,11:05,27.8,85.11,4.9,Nuwakot
2072-01-20,2015-05-03,12:43,27.89,85.73,4.0,Sindhupalchowk
2072-01-20,2015-05-03,14:12,28.09,85.72,4.2,Sindhupalchowk
2072-01-19,2015-05-02,09:40,27.95,85.73,4.0,Sindhupalchowk
2072-01-19,2015-05-02,11:40,27.74,86.28,4.0,Dolakha*
2072-01-19,2015-05-02,15:17,27.93,85.5,4.0,Sindhupalchowk
2072-01-19,2015-05-02,16:58,27.72,85.74,4.0,Sindhupalchowk
2072-01-19,2015-05-02,17:05,28.24,84.76,5.0,Gorkha
2072-01-19,2015-05-02,02:46,27.66,86.01,4.0,Dolakha
2072-01-18,2015-05-01,06:43,27.7,85.98,4.0,Dolakha
2072-01-18,2015-05-01,08:41,27.68,85.3,4.0,Kathmandu
2072-01-18,2015-05-01,16:20,27.75,85.95,4.0,Sindhupalchowk
2072-01-18,2015-05-01,17:13,28.04,85.33,4.0,Rasuwa
2072-01-18,2015-05-01,23:22,27.74,85.99,4.0,Dolakha
2072-01-18,2015-05-01,02:12,27.88,85.87,4.0,Sindhupalchowk
2072-01-18,2015-05-01,05:44,28.04,85.32,4.0,Rasuwa
2072-01-17,2015-04-30,12:07,27.93,84.83,4.0,Dhading
2072-01-17,2015-04-30,14:16,28.05,85.34,4.0,Rasuwa
2072-01-17,2015-04-30,19:14,27.65,86.09,4.0,Dolakha
2072-01-17,2015-04-30,05:04,27.92,85.87,4.0,Sindhupalchowk
2072-01-16,2015-04-29,10:34,27.93,85.63,4.0,Sindhupalchowk
2072-01-16,2015-04-29,11:39,27.79,85.14,4.0,Nuwakot
2072-01-16,2015-04-29,19:02,28.04,85.37,4.0,Nuwakot
2072-01-16,2015-04-29,21:09,27.86,84.89,4.0,Dhading
2072-01-16,2015-04-29,22:57,27.95,85.52,4.0,Sindhupalchowk*
2072-01-16,2015-04-29,04:46,28.19,84.8,4.0,Gorkha
2072-01-15,2015-04-28,06:29,28.29,84.93,4.0,Gorkha
2072-01-15,2015-04-28,08:44,27.92,85.51,4.0,Sindhupalchowk
2072-01-15,2015-04-28,14:25,27.76,85.80,4.0,Sindhupalchowk
2072-01-15,2015-04-28,15:52,28.20,84.78,4.0,Gorkha
2072-01-15,2015-04-28,10:50,28.1,85.49,4.9,Sindhupalchok
2072-01-15,2015-04-28,13:30,27.81,86.09,4.2,Dolakha
2072-01-15,2015-04-28,10:48,27.88,85.88,4.2,Sindhupalchowk
2072-01-15,2015-04-28,08:44,27.92,85.51,4.2,Sindhupalchowk
2072-01-15,2015-04-28,08:57,27.89,85.76,4.2,Sindhupalchowk
2072-01-15,2015-04-28,08:55,27.83,85.83,4.0,Sindhupalchok
2072-01-15,2015-04-28,09:56,28.10,84.65,4.2,Gorkha
2072-01-15,2015-04-28,10:29,27.78,85.17,4.0,Nuwakot
2072-01-14,2015-04-27,15:21,27.67,85.29,4.5,Kathmandu
2072-01-14,2015-04-27,15:44,28.24,85.23,4.3,Rasuwa
2072-01-14,2015-04-27,15:50,27.93,85.86,4.0,Sindhupalchok
2072-01-14,2015-04-27,16:24,27.82,85.89,4.2,Sindhupalchok
2072-01-14,2015-04-27,17:15,28.19,85.03,4.0,Dhading
2072-01-14,2015-04-27,14:03,27.67,85.55,4.2,Kavrepalanchok
2072-01-14,2015-04-27,12:09,27.77,85.12,4.7,Nuwakot*
2072-01-14,2015-04-27,10:12,27.82,85.76,4.4,Sindhupalchok
2072-01-14,2015-04-27,10:02,27.57,85.74,4.5,Kavrepalanchok
2072-01-14,2015-04-27,10:00,27.56,85.73,4.2,Kavrepalanchok
2072-01-14,2015-04-27,09:22,27.75,85.20,4.1,Dhading
2072-01-14,2015-04-27,09:02,27.8,85.12,4.0,Nuwakot
2072-01-14,2015-04-27,06:24,28.26,85.10,4.5,Dhading
2072-01-13,2015-04-26,21:12,27.77,85.91,4.5,Sindhupalchowk
2072-01-13,2015-04-26,20:16,27.97,85.81,4.5,Sindhupalchowk
2072-01-13,2015-04-26,18:28,27.71,85.43,4.6,Bhaktapur
2072-01-13,2015-04-26,17:59,27.94,85.55,4.1,Sindhupalchok
2072-01-13,2015-04-26,17:36,27.91,85.55,4.2,Sindhupalchok
2072-01-13,2015-04-26,16:28,28.26,85.02,4.8,Gorkha
2072-01-13,2015-04-26,16:27,27.83,86.06,4.0,Dolakha
2072-01-13,2015-04-26,16:20,28.04,85.50,4.5,Sindhupalchok
2072-01-13,2015-04-26,15:55,27.95,85.87,5.3,Sindhupalchok
2072-01-13,2015-04-26,15:53,27.67,85.30,4.0,Lalitpur
2072-01-13,2015-04-26,15:32,27.65,85.97,4.0,Dolakha
2072-01-13,2015-04-26,14:51,27.64,85.63,5.0,Kavrepalanchok
2072-01-13,2015-04-26,14:40,27.80,85.16,5.1,Nuwakot
2072-01-13,2015-04-26,14:28,28.32,84.73,4.5,Gorkha*
2072-01-13,2015-04-26,14:27,28.31,84.97,4.5,Gorkha
2072-01-13,2015-04-26,14:14,27.72,85.97,4.5,Dolakha
2072-01-13,2015-04-26,14:02,27.79,85.15,4.0,Nuwakot
2072-01-13,2015-04-26,12:54,27.84,86.05,6.9,Dolakha
2072-01-13,2015-04-26,12:53,27.68,85.95,4.0,Dolakha
2072-01-13,2015-04-26,12:41,27.89,85.60,5.0,Sindhupalchok
2072-01-13,2015-04-26,12:01,27.84,85.12,4.0,Nuwakot
2072-01-13,2015-04-26,11:45,27.67,85.28,4.0,Kathmandu
2072-01-13,2015-04-26,11:17,28.05,85.34,4.0,Rasuwa
2072-01-13,2015-04-26,11:11,27.67,86.07,4.5,Dolakha
2072-01-13,2015-04-26,11:10,27.69,85.25,4.0,Kathmandu
2072-01-13,2015-04-26,08:37,27.82,85.80,4.8,Sindhupalchowk
2072-01-13,2015-04-26,08:34,27.98,84.99,4.0,Dhading
2072-01-13,2015-04-26,08:10,27.79,86.00,4.8,Sindhupalchowk
2072-01-13,2015-04-26,08:02,27.60,85.96,4.8,Dolakha
2072-01-13,2015-04-26,07:53,28.25,85.83,4.0,Tibet
2072-01-13,2015-04-26,07:41,27.93,85.56,4.4,Sindhupalchowk
2072-01-13,2015-04-26,07:37,28.14,84.71,4.2,Gorkha
2072-01-13,2015-04-26,07:34,28.05,85.35,4.0,Rasuwa
2072-01-13,2015-04-26,07:14,27.93,85.56,4.1,Sindhupalchowk*
2072-01-13,2015-04-26,19:07,27.94,86.05,5.0,Tibet
2072-01-13,2015-04-26,05:31,27.78,85.98,4.1,Sindhupalchowk
2072-01-13,2015-04-26,06:57,27.75,85.94,5.3,Sindhupalchowk
2072-01-13,2015-04-26,05:04,27.77,85.83,4.1,Sindhupalchowk
2072-01-12,2015-04-25,21:13,28.29,85.16,4.0,Rasuwa
2072-01-12,2015-04-25,21:53,27.87,85.8,4.0,Sindhupalchowk
2072-01-12,2015-04-25,05:09,27.90,85.53,4.0,Sindhupalchowk
2072-01-12,2015-04-25,05:04,27.77,85.83,4.1,Sindhupalchowk
2072-01-12,2015-04-25,17:26,28.14,85.28,4.0,Rasuwa
2072-01-12,2015-04-25,18:02,28,85.4,4.0,Nuwakot
2072-01-12,2015-04-25,18:29,28.16,84.71,5.0,Gorkha
2072-01-12,2015-04-25,19:15,28.1,85.2,4.7,Rasuwa
2072-01-12,2015-04-25,15:15,28.00,85.60,5.5,Sindhupalchowk
2072-01-12,2015-04-25,14:48,27.91,85.33,5.3,Nuwakot
2072-01-12,2015-04-25,11:56,28.24,84.75,7.6,Gorkha
2072-01-12,2015-04-25,12:30,28.28,84.72,6.6,Gorkha
2072-01-12,2015-04-25,12:41,28.13,85.65,5.0,Rasuwa
2072-01-12,2015-04-25,12:53,28.20,85.75,5.3,Rasuwa
2072-01-12,2015-04-25,21:53,27.87,85.80,4.1,Sindhupalchowk
2072-01-12,2015-04-25,15:28,28.29,85.16,4.6,Dhading*
2072-01-12,2015-04-25,18:29,28.16,84.71,5.5,Gorkha
2072-01-12,2015-04-25,18:24,27.82,86.05,4.5,Dolakha
2072-01-12,2015-04-25,18:02,28.00,85.40,4.9,Nuwakot
2072-01-12,2015-04-25,16:50,27.91,85.50,4.6,Sidhupalchowk
2072-01-12,2015-04-25,17:26,28.14,85.28,4.1,Rasuwa
2072-01-12,2015-04-25,16:25,27.86,85.85,4.0,Sindhupalchowk
2072-01-12,2015-04-25,12:23,28.41,85.80,5.5,Tibet
2072-01-12,2015-04-25,13:32,27.99,85.71,5.1,Sindhupalchok
2072-01-12,2015-04-25,05:12,28.34,85.91,5.0,Tibet
2072-01-12,2015-04-25,18:24,27.82,86.05,4.0,Dolakha
2072-01-12,2015-04-25,13:06,27.69,86.02,4.9,Dolakha
2072-01-12,2015-04-25,02:06,27.6,86.09,4.0,Dolakha
2072-01-12,2015-04-25,05:10,27.78,85.17,4.0,Nuwakot
2072-01-12,2015-04-25,05:09,27.9,85.53,4.0,Sindhupalchowk
2072-01-12,2015-04-25,01:40,27.73,85.9,4.0,Sindhupalchowk
2072-01-12,2015-04-25,01:53,28.05,85.25,4.0,Rasuwa
2072-01-12,2015-04-25,02:10,27.73,85.9,5.0,Sindhupalchowk
2072-01-12,2015-04-25,02:21,28.14,85.16,4.0,Rasuwa
2072-01-12,2015-04-25,02:47,27.95,85.56,4.0,Sindhupalchowk
2072-01-12,2015-04-25,03:57,27.92,85.64,5.0,Sindhupalchowk*
2072-01-12,2015-04-25,04:16,27.8,85.29,4.0,Nuwakot
2072-01-12,2015-04-25,05:04,27.77,85.83,4.0,Sindhupalchowk
2072-01-12,2015-04-25,16:08,27.87,85.80,4.1,Sindhupalchok
2072-01-12,2015-04-25,14:06,27.60,86.09,4.5,Dolakha
2072-01-12,2015-04-25,14:05,27.90,84.86,5.1,Dhading
2072-01-12,2015-04-25,14:40,27.65,85.63,5.7,Kavrepalanchok
2072-01-12,2015-04-25,15:28,28.29,85.16,4.0,Rasuwa
2072-01-12,2015-04-25,14:02,27.78,85.84,5.2,Sindhupalchok
2072-01-12,2015-04-25,14:14,28.18,84.95,5.2,Gorkha
2072-01-10,2015-04-23,07:42,28.40,83.99,4.1,Kaski
2072-01-09,2015-04-22,12:59,28.80,81.92,4.5,Jajarkot
2072-01-08,2015-04-21,01:37,28.85,82.18,5.1,Jajarkot
2071-11-02,2015-02-14,04:36,27.42,87.01,4.5,Bhojpur
2071-10-17,2015-01-31,01:29,28.29,83.73,5.5,Parbat
2071-10-08,2015-01-22,15:12,29.36,81.03,4.4,Doti
2071-09-22,2015-01-06,07:11,29.07,81.51,4.5,Dailekh
2071-09-03,2014-12-18,21:17,27.73,86.52,5.9,Ramechhap
2071-08-09,2014-11-25,21:34,28.25,84.94,4.5,Gorkha
2071-06-01,2014-09-17,16:14,27.76,88.05,4.5,Taplejung
2071-04-18,2014-08-03,23:42,29.45,85.64,5.9,Tibet*
2071-03-23,2014-07-07,22:22,29.73,80.93,4.2,Darchula
2071-03-20,2014-07-04,11:43,27.83,87.91,4.6,Taplejung
2071-02-11,2014-05-25,08:31,28.23,84.09,4.1,Kaski
2071-02-06,2014-05-20,00:21,28.32,84.73,4.3,Gorkha
2071-01-10,2014-04-23,12:59,27.30,87.62,4.0,Taplejung
2070-12-28,2014-04-11,23:07,29.29,81.26,4.2,Achham
2070-12-17,2014-03-31,13:36,30.11,81.93,4.4,Humla
2070-07-17,2013-11-03,12:32,29.56,81.68,4.3,Bajura
2070-07-11,2013-10-28,07:22,27.36,87.37,4.3,Sankhuwasava
2070-06-27,2013-10-13,03:28,30.08,81.74,4.5,Humla
2070-06-17,2013-10-03,11:57,27.14,88.51,5.7,Sikkim
2070-06-06,2013-09-22,20:20,30.25,81.55,4.4,Humla
2070-05-27,2013-09-12,10:14,26.96,87.34,4.5,Dhankuta
2070-05-14,2013-08-30,23:33,28.43,86.03,6.0,Tibet
2070-03-14,2013-06-28,17:25,28.76,82.40,5.5,Rukum West
2070-03-13,2013-06-27,12:05,30.05,80.80,4.4,Darchula
2070-03-12,2013-06-26,04:07,26.85,85.96,4.4,Dhanusha
2070-02-26,2013-06-09,21:56,27.31,86.70,4.2,Khotang
2070-02-17,2013-05-31,11:49,29.74,81.60,4.5,Bajura
2070-02-12,2013-05-26,23:23,27.72,85.91,4.2,Sindhupalchok*
2070-01-31,2013-05-14,08:58,29.56,82.00,4.3,Mugu
2070-01-31,2013-05-14,09:03,29.68,82.00,4.4,Mugu
2070-01-31,2013-05-14,15:44,29.65,81.98,4.5,Mugu
2070-01-15,2013-04-28,00:13,29.87,81.26,4.9,Bajhang
2069-12-04,2013-03-17,17:44,26.74,86.08,4.2,Dhanusha
2069-11-23,2013-03-06,22:34,28.57,82.27,5.4,Salyan
2069-11-11,2013-02-22,08:26,28.39,83.18,4.1,Baglung
2069-10-25,2013-02-07,06:53,29.42,81.05,4.0,Bajhang
2069-10-05,2013-01-18,02:44,29.48,81.26,4.5,Bajhang
2069-09-29,2013-01-13,23:20,26.84,86.22,4.0,Siraha
2069-09-25,2013-01-09,13:29,29.82,81.70,5.5,Bajura
2069-09-18,2013-01-02,23:27,29.41,81.00,4.7,Doti
2069-09-07,2012-12-22,11:50,28.27,82.84,4.5,Rolpa
2069-08-19,2012-12-04,08:46,28.88,82.34,4.0,Jajarkot
2069-07-27,2012-11-12,18:27,29.55,81.31,4.5,Bajhang
2069-07-26,2012-11-11,00:24,29.51,81.13,5.6,Bajhang
2069-07-06,2012-10-22,12:41,27.95,87.86,4.5,Taplejung/Tibet
2069-06-01,2012-09-17,15:30,28.59,82.41,4.4,Rukum West
2069-05-14,2012-08-30,19:56,28.61,82.43,4.5,Rukum West
2069-05-13,2012-08-29,01:39,28.40,82.79,4.3,Rolpa*
2069-05-12,2012-08-28,14:16,28.73,81.81,4.4,Dailekh
2069-05-08,2012-08-24,09:40,28.42,82.75,5.2,Rolpa
2069-05-08,2012-08-24,18:02,28.38,82.66,4.4,Rolpa
2069-05-07,2012-08-23,22:27,28.39,82.73,4.4,Rolpa
2069-05-07,2012-08-23,22:15,28.38,82.84,5.6,Rolpa
2069-04-22,2012-08-06,07:38,27.77,88.13,4.2,Taplejung
2069-04-16,2012-07-31,17:35,28.58,82.48,5.0,Rukum West
2069-04-16,2012-07-31,17:43,28.53,82.42,4.8,Rukum West
2069-04-16,2012-07-31,17:50,28.55,82.37,4.2,Salyan
2069-04-13,2012-07-28,11:33,30.12,80.54,5.0,India
2069-03-27,2012-07-11,23:08,29.43,81.03,4.9,Bajhang
2069-03-17,2012-07-01,13:39,27.27,88.05,4.0,Panchthar/Sikkim
2069-03-01,2012-06-15,22:00,28.99,81.58,4.2,Dailekh
2069-02-29,2012-06-11,10:20,27.25,88.00,4.5,Panchthar
2069-02-27,2012-06-09,13:39,28.32,84.17,5.1,Kaski
2069-02-17,2012-05-30,15:19,27.31,87.88,4.2,Taplejung
2069-01-05,2012-04-17,04:58,28.50,82.06,4.2,Salyan
2068-12-29,2012-04-11,08:37,29.55,81.24,4.3,Bajhang
2068-12-14,2012-03-27,05:25,26.12,87.87,5.2,India
2068-12-06,2012-03-19,04:21,28.70,82.02,4.7,Jajarkot*
2068-11-14,2012-02-26,04:41,29.71,81.02,4.4,Bajhang
2068-11-14,2012-02-26,04:53,29.86,81.05,4.9,Bajhang
2068-11-02,2012-02-14,19:26,27.38,88.11,4.5,Panchthar/Sikkim
2068-11-02,2012-02-14,19:33,27.33,88.03,4.4,Panchthar
2068-10-22,2012-02-05,01:51,27.25,88.07,4.0,Panchthar/Sikkim
2068-10-10,2012-01-24,09:52,26.84,86.43,4.0,Siraha
2068-10-05,2012-01-19,06:31,29.73,81.91,4.6,Humla
2068-10-04,2012-01-18,17:01,26.63,86.40,4.5,Siraha
2068-09-27,2012-01-11,14:44,28.89,81.89,4.2,Dailekh
2068-09-15,2011-12-30,07:55,29.62,81.53,4.0,Bajura
2068-09-03,2011-12-18,03:20,27.73,88.16,4.6,Taplejung
2068-08-28,2011-12-14,02:05,27.72,88.09,4.9,Taplejung
2068-08-23,2011-12-09,17:42,27.83,88.13,4.2,Taplejung
2068-08-22,2011-12-08,23:25,27.97,82.86,4.0,Pyuthan
2068-08-16,2011-12-02,11:02,28.05,85.34,4.2,Rasuwa
2068-08-07,2011-11-23,06:11,28.91,81.68,4.2,Dailekh
2068-08-03,2011-11-19,05:51,27.70,86.10,4.0,Dolakha
2068-07-27,2011-11-13,05:31,28.20,84.93,5.2,Gorkha
2068-07-22,2011-11-08,23:52,27.94,85.55,4.1,Sindhupalchowk
2068-07-18,2011-11-04,22:34,28.34,83.66,4.0,Parbat*
2068-06-15,2011-10-02,17:14,29.55,81.68,4.2,Bajura
2068-06-14,2011-10-01,10:11,30.16,81.81,4.7,Humla
2068-06-01,2011-09-18,18:25,27.78,88.32,6.8,Sikkim
2068-05-10,2011-08-27,13:36,26.94,86.60,5.0,Udayapur
2068-05-08,2011-08-25,13:46,28.15,82.53,4.4,Rolpa
2068-05-05,2011-08-22,20:36,28.29,83.96,4.0,Kaski
2068-05-02,2011-08-19,07:37,29.70,81.34,4.9,Bajhang
2068-05-01,2011-08-18,14:20,28.21,84.31,4.0,Lamjung
2068-04-30,2011-08-15,22:33,27.44,86.27,5.0,Okhaldhunga
2068-04-24,2011-08-09,06:54,29.90,81.31,4.3,Bajhang
2068-04-17,2011-08-02,07:32,27.35,86.35,4.0,Okhaldhunga
2068-04-13,2011-07-29,18:56,27.19,86.76,4.2,Khotang
2068-03-31,2011-07-15,01:44,27.28,87.30,4.5,Sankhuwasabha
2068-03-04,2011-06-18,23:16,27.83,87.35,4.3,Sankhuwasabha
2068-03-03,2011-06-17,09:22,30.24,81.48,4.2,Humla
2068-02-28,2011-06-11,17:26,28.40,82.55,4.1,Rolpa
2068-02-28,2011-06-11,10:27,28.41,82.66,4.2,Rolpa
2068-02-20,2011-06-03,06:38,27.60,88.03,5.2,Taplejung
2067-12-24,2011-04-07,15:54,27.93,85.61,4.1,Sindhupalchowk
2067-12-22,2011-04-05,06:45,29.74,80.37,4.1,Darchula*
2067-12-21,2011-04-04,17:16,29.92,80.54,5.7,Darchula
2067-12-21,2011-04-04,19:27,30,80.81,4.3,Darchula
2067-12-08,2011-03-22,10:55,28.11,82.74,4.2,Pyuthan
2067-11-28,2011-03-12,05:51,28.31,83.78,4.4,Kaski
2067-11-27,2011-03-11,22:43,28.31,83.80,4.3,Kaski
2067-11-26,2011-03-10,22:34,28.02,85.24,4.3,Rasuwa
2067-11-10,2011-02-22,01:29,27.57,87.01,4.2,Sankhuwasabha
2067-11-01,2011-02-13,23:36,27.47,87.01,4.7,Sankhuwasabha
2067-10-04,2011-01-18,12:47,27.80,85.94,4.3,Sindhupalchowk
2067-10-04,2011-01-18,09:20,30.03,81.97,4.1,Humla
2067-09-03,2010-12-18,12:15,28.18,84.79,4.1,Gorkha
2067-08-19,2010-12-05,12:22,29.57,81.70,4.2,Bajura
2067-08-14,2010-11-30,22:05,26.93,85.79,4.4,Mahottari
2067-08-09,2010-11-25,19:50,28.44,83.17,4.7,Baglung
2067-06-31,2010-10-17,02:56,28.64,85.71,5.7,Tibet
2067-05-16,2010-09-01,03:57,28.23,84.37,4.0,Lamjung
2067-02-30,2010-06-13,20:23,29.40,81.38,4.5,Bajura
2067-02-30,2010-06-13,20:16,29.60,81.65,5.4,Bajura
2067-01-30,2010-05-13,11:50,28.30,84.51,4.4,Lamjung
2067-01-17,2010-04-30,05:55,27.75,86.36,4.0,Dolakha*
2067-01-01,2010-04-14,12:04,28.31,83.09,4.2,Baglung
2066-12-31,2010-04-13,19:53,29.37,81.34,4.5,Bajura
2066-11-17,2010-03-01,08:38,29.76,81.55,4.3,Bajhang
2066-11-16,2010-02-28,17:39,28.40,81.51,4.2,Bardiya
2066-11-13,2010-02-25,19:51,29.78,81.51,4.7,Bajhang
2066-11-05,2010-02-17,14:52,26.79,86.08,4.2,Dhanusa
2066-10-04,2010-01-18,12:00,28.37,83.97,4.0,Kaski
2066-09-01,2009-12-16,11:58,29.60,81.51,4.8,Bajura
2066-08-30,2009-12-15,22:01,28.28,84.40,4.1,Lamjung
2066-08-07,2009-11-22,15:41,29.02,82.15,4.8,Jajarkot
2066-07-22,2009-11-08,01:14,30.11,81.91,4.3,Humla
2066-07-16,2009-11-02,04:29,27.87,87.94,4.0,Taplejung
2066-07-15,2009-11-01,14:35,30.10,81.81,4.5,Humla
2066-07-12,2009-10-29,00:24,28.73,83.11,4.1,Rukum East
2066-06-10,2009-09-26,01:36,29.81,82.05,4.3,Humla
2066-04-18,2009-08-02,15:49,28.12,85.18,4.0,Rasuwa
2066-03-28,2009-07-12,19:20,27.71,86.36,4.5,Dolakha
2066-01-31,2009-05-14,01:58,27.43,87.35,4.2,Sankhuwasava
2066-01-31,2009-05-14,01:03,27.48,87.36,4.6,Sankhuwasava
2065-12-31,2009-04-13,20:34,28.25,84.54,4.3,Lamjung*
2065-11-29,2009-03-12,15:57,28.43,84.42,4.2,Lamjung
2065-11-25,2009-03-08,20:23,27.41,87.80,4.6,Taplejung
2065-10-10,2009-01-23,18:12,29.05,81.40,4.2,Achham
2065-09-26,2009-01-10,06:13,27.90,88.04,4.2,Taplejung
2065-09-14,2008-12-29,08:08,30.13,82.03,4.0,Humla
2065-09-11,2008-12-26,17:28,30.09,81.90,4.5,Humla
2065-09-08,2008-12-23,03:04,28.18,84.38,4.4,Lamjung
2065-09-04,2008-12-19,12:18,30.10,81.91,4.4,Humla
2065-08-23,2008-12-08,14:44,30.15,81.86,6.3,Humla
2065-08-17,2008-12-02,15:00,27.33,87.92,4.1,Taplejung
2065-08-17,2008-12-02,13:23,27.29,87.92,4.3,Taplejung
2065-08-17,2008-12-02,11:55,27.30,87.99,4.1,Panchthar
2065-08-17,2008-12-02,10:56,27.30,88.03,4.1,Panchthar
2065-08-17,2008-12-02,10:56,27.32,87.99,5.6,Taplejung
2065-08-16,2008-12-01,15:08,28.18,85.29,5.0,Rasuwa
2065-06-21,2008-10-07,23:54,27.47,87.71,4.6,Taplejung
2065-05-25,2008-09-10,01:10,28.40,83.03,4.1,Baglung
2065-04-18,2008-08-02,03:49,28.18,85.29,4.4,Rasuwa
2065-03-06,2008-06-20,23:50,27.98,85.73,4.8,Sindhupalchowk
2065-03-01,2008-06-15,09:12,29.73,80.96,5.0,Darchula*
2065-02-20,2008-06-02,04:09,27.80,85.91,4.1,Sindhupalchowk
2065-02-07,2008-05-20,00:55,28.33,83.33,4.3,Baglung
2065-01-26,2008-05-08,21:20,27.50,87.52,4.2,Taplejung
2064-12-04,2008-03-17,00:40,29.76,81.53,4.6,Bajhang
2064-11-19,2008-03-02,19:59,29.69,81.76,4.4,Humla
2064-11-04,2008-02-16,08:34,26.79,86.25,4.2,Siraha
2064-11-02,2008-02-14,04:58,27.80,88.15,4.1,Taplejung
2064-10-01,2008-01-15,19:22,27.37,86.53,4.1,Okhaldhunga
2064-08-15,2007-12-01,00:03,28.05,85.28,4.1,Rasuwa
2064-07-19,2007-11-05,23:17,28.20,84.45,4.5,Lamjung
2064-07-12,2007-10-29,15:34,27.90,85.45,5.0,Nuwakot
2064-06-25,2007-10-12,15:48,27.75,86.12,4.0,Dolakha
2064-05-21,2007-09-07,14:27,27.72,86.26,4.1,Dolakha
2064-05-21,2007-09-07,12:24,28.05,85.33,4.2,Rasuwa
2064-04-26,2007-08-11,20:20,27.28,87.90,5.2,Panchthar
2064-04-21,2007-08-06,06:38,27.84,85.69,4.1,Sindhupalchowk
2064-04-18,2007-08-03,12:31,27.20,87.04,4.5,Bhojpur
2064-04-18,2007-08-03,09:35,27.24,87.03,4.5,Bhojpur
2064-04-18,2007-08-03,13:56,27.24,87.02,4.0,Bhojpur
2064-04-18,2007-08-03,02:29,27.21,87.97,4.4,Panchthar*
2064-04-16,2007-08-01,21:02,29.49,81.91,4.6,Mugu
2064-04-14,2007-07-30,00:58,27.24,87.02,4.1,Bhojpur
2064-03-23,2007-07-07,20:58,28.08,85.30,4.0,Rasuwa
2064-03-03,2007-06-17,08:15,27.83,84.91,4.2,Dhading
2064-02-21,2007-06-04,13:32,27.36,83.98,4.2,Chitwan/Bihar
2064-02-02,2007-05-16,10:02,27.50,88.08,4.6,Taplejung/Sikkim
2063-11-26,2007-03-10,19:10,29.50,81.21,4.9,Bajhang
2063-11-03,2007-02-15,14:54,29.83,81.45,5.2,Bajhang
2063-10-23,2007-02-06,01:53,28.35,83.42,4.1,Baglung
2063-10-23,2007-02-06,01:55,28.35,83.43,4.2,Myagdi
2063-10-22,2007-02-05,13:42,29.99,81.05,4.1,Bajhang
2063-07-25,2006-11-11,21:29,27.21,87.63,4.2,Tehrathum
2063-06-10,2006-09-26,09:49,30.10,80.83,4.5,Darchula
2063-06-03,2006-09-19,12:41,29.62,81.54,5.0,Bajura
2063-06-01,2006-09-17,02:57,26.98,87.80,4.2,Illam
2063-05-14,2006-08-30,00:10,29.05,83.60,4.3,Dolpa
2063-04-30,2006-08-15,06:15,27.89,85.70,4.3,Sindhupalchowk
2063-01-22,2006-05-05,13:45,29.43,81.26,4.8,Bajura
2062-12-22,2006-04-04,14:08,27.91,85.83,4.6,Sindhupalchowk
2062-11-07,2006-02-19,03:03,28.24,83.89,4.7,Kaski*
2062-10-21,2006-02-03,07:42,27.18,86.80,5.4,Khotang
2062-07-20,2005-11-06,07:21,29.61,82.02,5.1,Mugu
2062-07-14,2005-10-31,03:32,28.65,84.83,4.7,Gorkha/ Tibet
2062-07-14,2005-10-31,11:36,29.59,82.20,5.4,Mugu
2062-07-12,2005-10-29,05:17,29.45,81.94,5.3,Mugu
2062-05-12,2005-08-28,18:59,27.31,87.22,5.5,Sankhuwasava
2062-04-24,2005-08-08,05:38,27.98,85.51,4.2,Sindhupalchowk
2062-04-12,2005-07-27,07:51,27.42,86.83,4.3,Khotang
2062-02-32,2005-06-14,20:08,27.28,87.89,4.6,Panchthar
2062-01-22,2005-05-05,11:30,27.69,87.70,4.1,Taplejung
2062-01-02,2005-04-15,22:12,27.92,85.71,4.1,Sindhupalchowk
2061-12-25,2005-04-07,07:25,29.35,81.88,4.2,Kalikot
2061-12-22,2005-04-04,10:25,28.54,83.31,4.1,Myagdi
2061-12-22,2005-04-04,10:13,28.56,83.18,4.1,Myagdi
2061-12-22,2005-04-04,10:50,28.54,83.31,4.1,Myagdi
2061-12-16,2005-03-29,21:36,28.11,84.77,4.4,Gorkha
2061-12-16,2005-03-29,15:09,28.04,84.74,4.0,Gorkha
2061-12-16,2005-03-29,18:39,28.14,84.80,4.1,Gorkha
2061-12-16,2005-03-29,07:06,28.15,84.37,4.0,Lamjung
2061-12-06,2005-03-19,16:39,28.25,84.39,5.4,Lamjung*
2061-11-22,2005-03-05,18:04,28.27,84.39,5.0,Lamjung
2061-10-26,2005-02-08,07:36,27.76,86.07,5.1,Dolakha
2061-10-03,2005-01-16,14:28,29.68,81.14,5.0,Bajhang
2061-09-12,2004-12-27,03:06,27.76,86.20,4.2,Dolakaha
2061-09-11,2004-12-26,19:31,29.90,81.63,4.3,Bajura
2061-08-02,2004-11-17,16:24,28.26,84.67,4.1,Gorkha
2061-07-24,2004-11-09,16:35,28.76,82.93,4.4,Rukum East
2061-06-19,2004-10-05,16:10,26.82,86.55,4.1,Siraha
2061-05-27,2004-09-12,14:33,29.50,81.84,4.3,Mugu
2061-05-17,2004-09-02,04:24,27.87,85.93,4.1,Sindhupalchowk
2061-05-06,2004-08-22,23:04,28.03,85.24,4.1,Rasuwa
2061-04-05,2004-07-20,09:20,27.96,85.88,4.5,Sindhupalchok
2061-04-01,2004-07-16,02:18,28.32,84.06,4.6,Kaski
2061-02-16,2004-05-29,21:51,28.59,82.98,4.3,Baglung
2061-02-16,2004-05-29,18:07,28.55,82.96,4.9,Baglung
2060-12-18,2004-03-31,04:17,27.18,87.63,4.6,Terhathum
2060-12-04,2004-03-17,10:29,27.67,87.82,4.1,Taplejung
2060-11-06,2004-02-18,07:08,27.61,87.80,4.7,Taplejung
2060-11-02,2004-02-14,13:15,29.67,80.88,4.3,Bhajhang
2060-10-19,2004-02-02,09:06,29.32,81.53,4.1,Kalikot*
2060-09-23,2004-01-07,05:06,28.07,85.00,4.0,Dhading
2060-09-19,2004-01-03,19:25,27.77,86.05,4.1,Dolakha
2060-09-19,2004-01-03,18:59,27.76,86.07,5.5,Dolakha
2060-09-04,2003-12-19,09:05,27.60,87.67,4.2,Taplejung
2060-08-25,2003-12-11,20:29,29.85,80.54,4.1,Darchula/India
2060-08-19,2003-12-05,23:38,28.40,83.93,4.0,Kaski
2060-08-07,2003-11-23,01:00,28.45,83.94,4.5,Kaski
2060-08-06,2003-11-22,10:52,28.44,83.90,5.0,Kaski
2060-07-19,2003-11-05,18:04,27.78,86.16,4.1,Dolakha
2060-07-12,2003-10-29,13:44,27.26,86.69,4.0,Khotang
2060-06-12,2003-09-29,09:25,27.52,87.85,4.6,Taplejung
2060-06-07,2003-09-24,06:30,29.00,81.95,4.3,Kalikot
2060-04-20,2003-08-05,10:12,27.99,86.03,4.2,Sidhupalchowk/ Tibet
2060-04-17,2003-08-02,06:58,29.51,82.10,4.4,Mugu
2060-04-12,2003-07-28,08:30,28.75,82.52,4.5,Rukum West
2060-03-09,2003-06-23,18:15,27.79,87.97,4.8,Taplejung
2059-12-21,2003-04-04,12:47,30.10,80.39,5.0,"Pithoragarh, India"
2059-11-14,2003-02-26,01:43,28.32,86.54,4.6,Tibet
2059-08-04,2002-11-20,05:12,29.64,81.52,4.7,Bajura
2059-06-25,2002-10-11,00:44,28.28,83.94,4.0,Kaski*
2059-06-23,2002-10-09,19:33,28.18,83.90,4.1,Syangja
2059-05-24,2002-09-09,20:22,28.98,80.74,4.1,Kailali
2059-04-26,2002-08-11,13:54,26.97,86.40,4.1,Udayapur
2059-03-32,2002-07-16,00:24,27.75,87.36,4.3,Sankhuwasabha
2059-03-18,2002-07-02,22:55,27.17,84.82,4.1,Parsa
2059-03-06,2002-06-20,11:25,25.63,88.38,5.5,Bangladesh
2059-02-30,2002-06-13,23:58,28.23,84.86,4.0,Gorkha
2059-02-24,2002-06-07,20:31,28.77,81.12,4.0,Kailali
2059-02-22,2002-06-05,18:23,28.86,80.75,4.0,Kailali
2059-02-21,2002-06-04,20:41,28.79,80.53,4.0,Kanchanpur
2059-01-19,2002-05-02,23:20,27.67,86.67,5.2,Solukhumbu
2059-01-02,2002-04-15,15:41,26.87,86.31,4.0,Siraha
2058-12-27,2002-04-09,13:08,27.46,86.14,4.0,Ramechhap
2058-10-21,2002-02-03,13:26,27.72,86.37,4.1,Dolakha
2058-09-04,2001-12-19,13:39,23.83,89.88,4.8,Bangaladesh
2058-09-03,2001-12-18,08:06,29.58,81.77,4.7,Bajura
2058-08-13,2001-11-28,15:50,29.59,81.77,4.5,Bajura
2058-08-12,2001-11-27,23:41,29.52,81.99,5.2,Mugu
2058-08-12,2001-11-27,14:38,29.53,81.81,5.8,Mugu
2058-08-12,2001-11-27,13:16,29.63,81.79,5.7,Humla*
2058-07-11,2001-10-27,16:52,29.56,81.46,4.7,Bajura
2058-06-11,2001-09-27,03:49,26.98,87.78,4.8,Ilam
2058-05-28,2001-09-13,12:05,29.82,80.64,5.0,Darchula
2058-04-01,2001-07-16,04:46,28.27,84.25,4.8,Lamjung
2058-04-01,2001-07-16,21:57,27.97,84.68,5.9,Gorkha
2058-03-27,2001-07-11,01:29,29.51,81.39,4.3,Bajura
2058-01-02,2001-04-15,14:21,29.41,81.58,4.5,Bajura
2057-12-21,2001-04-03,04:53,27.88,86.21,5.1,Dolakha
2057-10-13,2001-01-26,09:01,24.17,69.85,7.0,"Bhuj,India"
2057-09-16,2000-12-31,04:36,27.84,87.71,4.1,Taplejung/Tibet
2057-05-17,2000-09-02,10:06,28.07,85.33,4.5,Rasuwa
2057-02-20,2000-06-02,23:54,28.07,83.29,4.2,Gulmi
2057-01-18,2000-04-30,01:16,27.68,86.93,4.0,Solukhumbu
2056-12-04,2000-03-17,10:43,27.76,87.55,4.2,Sankhuwasabha
2056-11-30,2000-03-13,04:54,29.77,81.41,4.2,Bajhang
2056-11-30,2000-03-13,02:29,27.73,87.71,5.1,Taplejung
2056-10-11,2000-01-25,17:52,27.38,86.06,4.6,Panchthar/Sikkim
2056-06-03,1999-09-20,13:13,27.44,87.85,4.9,Taplejung
2056-05-10,1999-08-26,01:36,27.46,86.44,4.2,Okhaldhunga
2056-04-16,1999-08-01,14:09,28.09,86.52,5.7,Dolakha/Tibet*
2055-12-24,1999-04-07,12:42,29.60,81.23,4.4,Bajhang
2055-12-14,1999-03-28,00:50,30.50,79.26,6.5,"Chamauli,India"
2055-12-05,1999-03-19,11:38,27.93,85.83,4.8,Sindhupalchowk
2055-11-07,1999-02-19,05:25,29.87,80..62,4.6,Darchula
2055-10-18,1999-02-01,07:10,28.61,83.35,4.7,Myagdi
2055-05-25,1998-09-10,04:42,27.35,88.36,5.0,Taplejung/Sikkim
2055-05-21,1998-09-06,03:20,87.84,87.00,4.6,Sankhuwasabha
2055-05-19,1998-09-04,03:01,27.78,86.96,4.0,Solukhumbu
2055-05-18,1998-09-03,00:00,27.87,86.96,5.6,Solukhumbu
2055-05-04,1998-08-20,20:16,27.77,87.85,4.5,Taplejung
2055-03-31,1998-07-15,10:21,29.37,81.34,4.8,Bajura
2055-03-13,1998-06-27,14:50,27.87,85.81,5.4,Sindhupalchowk
2055-02-02,1998-05-16,16:16,26.83,84.87,5.5,Bihar
2055-01-27,1998-05-10,20:41,29.41,82.38,4.7,Jumla
2054-11-16,1998-02-28,13:56,27.12,86.77,4.0,Khotang
2054-11-10,1998-02-22,08:25,28.72,85.52,5.5,Tibet
2054-10-30,1998-02-12,08:25,27.59,88.19,4.6,Taplejung
2054-08-23,1997-12-08,12:22,27.02,86.92,4.5,Khotang
2054-08-23,1997-12-08,07:48,27.94,87.07,5.6,Sankhuwasabha
2054-08-12,1997-11-27,21:57,27.74,87.00,5.5,Sankhuwasabha *
2054-08-11,1997-11-26,03:41,27.88,86.34,4.7,Dolakha
2054-07-08,1997-10-24,17:51,28.66,82.54,5.2,Rukum
2054-06-25,1997-10-11,15:56,27.70,86.46,5.0,Ramechhap
2054-05-21,1997-09-06,08:20,28.38,81.48,4.0,Bardiya
2054-03-03,1997-06-17,12:11,28.93,81.48,4.1,Dailekh
2054-02-13,1997-05-26,08:49,27.42,86.80,4.2,Solukhumbu
2054-02-13,1997-05-26,06:30,27.34,86.78,4.0,Khotang
2054-02-08,1997-05-21,04:36,23.71,80.47,6.0,India
2054-01-30,1997-05-12,22:06,27.70,87.78,4.2,Taplejung
2054-01-19,1997-05-01,21:22,29.34,80.64,4.2,Dadeldhura
2054-01-03,1997-04-15,13:04,27.63,86.58,4.1,Solukhumbu
2053-12-25,1997-04-07,18:45,27.47,86.67,5.1,Solukhumbu
2053-12-16,1997-03-29,12:55,27.97,85.26,4.3,Nuwakot
2053-12-11,1997-03-24,03:13,28.08,85.29,5.4,Rasuwa
2053-11-20,1997-03-03,15:14,26.89,86.35,5.2,Udayapur
2053-11-07,1997-02-18,12:40,29.52,81.33,4.4,Bajhang
2053-10-28,1997-02-10,01:51,28.04,85.31,5.0,Rasuwa
2053-10-26,1997-02-08,11:01,27.96,85.32,5.4,Nuwakot
2053-10-24,1997-02-06,19:55,27.96,85.32,4.1,Nuwakot
2053-10-21,1997-02-03,16:23,28.09,85.32,5.1,Rasuwa*
2053-10-21,1997-02-03,06:28,28.01,85.34,4.7,Rasuwa
2053-10-19,1997-02-01,11:40,28.01,85.32,5.0,Rasuwa
2053-10-18,1997-01-31,02:27,28:03,85.33,4.2,Rasuwa
2053-10-18,1997-01-31,02:40,28.00,85.29,4.9,Rasuwa
2053-10-18,1997-01-31,01:47,28.03,85.34,5.8,Rasuwa
2053-09-21,1997-01-05,14:32,29.79,80.59,5.6,Darchula
2053-09-16,1996-12-31,12:54,26.94,86.54,4.4,Udayapur
2053-09-15,1996-12-30,16:53,27.22,86.91,5.7,Khotang
2053-09-14,1996-12-29,03:36,29.75,81.83,5.2,Humla
2053-09-07,1996-12-22,22:36,29.01,81.73,4.4,Dailekh
2053-09-07,1996-12-22,03:30,28.56,81.96,4.1,Surkhet
2053-07-23,1996-11-08,06:39,29.67,81.70,4.9,Bajura
2053-07-19,1996-11-04,02:28,29.51,81.95,4.3,Bajura
2053-07-15,1996-10-31,21:46,29.32,81.95,4.3,Jumla
2053-06-06,1996-09-22,03:42,29.17,81.09,4.1,Achham
2053-06-01,1996-09-17,00:48,30.11,81.64,4.4,Humla
2053-05-31,1996-09-16,03:55,29.90,81.69,4.1,Bajura
2053-05-12,1996-08-28,06:53,29.58,81.65,4.3,Bajura
2053-04-24,1996-08-08,18:50,27.19,88.01,4.2,Panchthar
2053-04-13,1996-07-28,12:10,29.45,81.94,4.0,Mugu*
2053-03-30,1996-07-14,16:38,29.55,81.04,4.0,Bajhang
2053-03-26,1996-07-10,23:26,29.15,82.15,4.2,Jumla
2053-02-14,1996-05-27,13:04,27.40,86.95,4.0,Bhojpur
2053-02-14,1996-05-27,14:04,27.38,86.90,4.4,Khotang
2053-01-14,1996-04-26,22:16,27.95,87.76,5.6,Taplejung
2052-12-23,1996-04-05,04:22,26.90,86.36,4.0,Udayapur
2052-11-14,1996-02-26,10:35,29.83,80.93,4.0,Darchula
2052-11-07,1996-02-19,04:13,29.79,81.36,4.0,Bajhang
2052-11-07,1996-02-19,04:16,29.74,81.36,4.1,Bajhang
2052-10-24,1996-02-07,16:41,29.37,80.37,5.0,Baitadi
2052-10-13,1996-01-27,06:20,28.06,84.26,4.4,Tanahu
2052-09-09,1995-12-24,00:47,27.55,86.27,4.1,Ramechhap
2052-07-26,1995-11-12,23:41,28.14,85.34,4.2,Rasuwa
2052-07-10,1995-10-27,17:18,28.76,83.72,4.2,Mustang
2052-06-18,1995-10-04,20:24,28.26,84.39,4.7,Lamjung
2052-04-23,1995-08-08,00:54,30.00,81.58,4.3,Humla
2052-04-22,1995-08-07,05:57,29.88,81.62,4.9,Bajura
2052-04-20,1995-08-05,11:06,30.00,81.60,4.0,Humla
2052-04-18,1995-08-03,08:50,30.04,81.54,5.0,Humla
2052-04-10,1995-07-26,06:21,28.81,80.45,4.2,Kanchanpur*
2052-04-08,1995-07-24,14:57,28.02,86.78,4.1,Solukhumbu
2052-02-28,1995-06-11,12:24,27.40,87.96,4.2,Taplejung
2052-02-22,1995-06-05,18:40,29.43,81.71,4.5,Bajura
2052-01-26,1995-05-09,03:30,28.59,84.50,4.1,Manang
2052-01-04,1995-04-17,07:17,29.39,81.83,5.5,Kalikot
2052-01-04,1995-04-17,23:19,29.52,81.65,4.9,Bajura
2051-12-13,1995-03-27,03:06,29.30,81.80,4.1,Kalikot
2051-11-16,1995-02-28,21:00,29.96,80.78,4.1,Darchula
2051-11-06,1995-02-18,18:54,27.81,85.89,4.7,Sindhupalchok
2051-10-25,1995-02-08,10:17,29.46,81.07,4.0,Bajhang
2051-10-23,1995-02-06,14:05,27.14,87.74,4.1,Panchthar
2051-10-16,1995-01-30,08:51,29.26,82.57,4.5,Dolpa
2051-10-16,1995-01-30,19:41,29.22,82.25,4.4,Jumla
2051-10-16,1995-01-30,11:00,29.38,82.3,4.0,Jumla
2051-10-15,1995-01-29,02:37,26.85,86.11,4.5,Dhanusa
2051-10-13,1995-01-27,23:05,29.08,81.73,4.3,Kalikot
2051-10-08,1995-01-22,11:58,27.90,87.80,4.0,Taplejung
2051-10-05,1995-01-19,12:18,28.35,83.44,4.3,Myagdi
2051-09-21,1995-01-05,17:23,29.82,80.95,4.4,Darchula
2051-09-06,1994-12-21,19:23,27.90,84.99,4.2,Dhading*
2051-08-27,1994-12-13,14:26,28.47,82.98,4.5,Baglung
2051-08-23,1994-12-09,02:17,27.79,85.82,4.1,Sindhupalchok
2051-08-11,1994-11-27,22:42,29.73,81.65,4.6,Bajura
2051-07-21,1994-11-07,14:25,29.77,80.70,4.4,Darchula
2051-07-07,1994-10-24,05:45,28.82,81.97,4.5,Jajarkot
2051-07-05,1994-10-22,13:35,28.82,82.22,4.5,Jajarkot
2051-06-11,1994-09-27,19:42,26.81,86.09,4.1,Dhanusha
2051-04-32,1994-08-16,01:44,26.92,86.62,4.0,Udayapur
2051-03-11,1994-06-25,14:17,27.82,86.19,5.1,Dolakha
2051-02-11,1994-05-25,19:10,29.80,82.41,4.5,Mugu
2051-02-11,1994-05-25,12:00,29.81,81.77,4.0,Bajura
2051-01-20,1994-05-03,00:30,28.52,83.03,4.4,Baglung
2050-11-24,1994-03-08,07:50,29.33,81.83,4.0,Kalikot
